,complexity_mean,complexity_std,transformer,epochs,Datasets,Typ,Generation,models,method,tsr,nb_neighbors,transform_name,segmentator_name,learning_process_name,nb_interpretable_feature,explanation_size
0,3.774760787605781,0.06029305829446819,mutate_both,100,SimulatedTrainingData_SmallMiddle_AutoRegressive_F_1_TS_50.npy,SmallMiddle,AutoRegressive,LSTM,,,,,,,,
1,3.7499329900099605,0.08168167911261905,authentic_opposing_information,100,SimulatedTrainingData_SmallMiddle_AutoRegressive_F_1_TS_50.npy,SmallMiddle,AutoRegressive,LSTM,,,,,,,,
2,1.7236795065487904,0.15063977646345122,,,SimulatedTrainingData_SmallMiddle_AutoRegressive_F_1_TS_50.npy,SmallMiddle,AutoRegressive,LSTM,FO,False,,,,,,
3,1.9208800523310026,0.06586928474837674,,,SimulatedTrainingData_SmallMiddle_AutoRegressive_F_1_TS_50.npy,SmallMiddle,AutoRegressive,LSTM,FA,False,,,,,,
4,1.962825663268097,0.014502627643523194,,,SimulatedTrainingData_SmallMiddle_AutoRegressive_F_1_TS_50.npy,SmallMiddle,AutoRegressive,LSTM,SG,False,,,,,,
5,1.6913422340450097,0.20589334601892753,,,SimulatedTrainingData_SmallMiddle_AutoRegressive_F_1_TS_50.npy,SmallMiddle,AutoRegressive,LSTM,DLS,False,,,,,,
6,1.7412201207095546,0.12437841865620074,,,SimulatedTrainingData_SmallMiddle_AutoRegressive_F_1_TS_50.npy,SmallMiddle,AutoRegressive,LSTM,DL,False,,,,,,
7,1.7638309701696084,0.19061711256676742,,,SimulatedTrainingData_SmallMiddle_AutoRegressive_F_1_TS_50.npy,SmallMiddle,AutoRegressive,LSTM,GS,False,,,,,,
8,1.9523513276325677,0.0052823067157701745,,,SimulatedTrainingData_SmallMiddle_AutoRegressive_F_1_TS_50.npy,SmallMiddle,AutoRegressive,LSTM,GRAD,False,,,,,,
9,2.634296218675611,0.2561219404427813,,,SimulatedTrainingData_SmallMiddle_AutoRegressive_F_1_TS_50.npy,SmallMiddle,AutoRegressive,LSTM,FO,True,,,,,,
10,2.6144042020822003,0.22274523943303343,,,SimulatedTrainingData_SmallMiddle_AutoRegressive_F_1_TS_50.npy,SmallMiddle,AutoRegressive,LSTM,FA,True,,,,,,
11,3.1458749128412853,0.05414951996162343,,,SimulatedTrainingData_SmallMiddle_AutoRegressive_F_1_TS_50.npy,SmallMiddle,AutoRegressive,LSTM,SG,True,,,,,,
12,1.852728469239997,0.23705557059417343,,,SimulatedTrainingData_SmallMiddle_AutoRegressive_F_1_TS_50.npy,SmallMiddle,AutoRegressive,LSTM,DLS,True,,,,,,
13,1.867552653025785,0.24538631521965662,,,SimulatedTrainingData_SmallMiddle_AutoRegressive_F_1_TS_50.npy,SmallMiddle,AutoRegressive,LSTM,DL,True,,,,,,
14,3.1569988610639603,0.06294486777228489,,,SimulatedTrainingData_SmallMiddle_AutoRegressive_F_1_TS_50.npy,SmallMiddle,AutoRegressive,LSTM,GS,True,,,,,,
15,2.010535381924218,0.2454115459412504,,,SimulatedTrainingData_SmallMiddle_AutoRegressive_F_1_TS_50.npy,SmallMiddle,AutoRegressive,LSTM,GRAD,True,,,,,,
16,1.6094379124341003,2.278129578503827e-16,,,SimulatedTrainingData_SmallMiddle_AutoRegressive_F_1_TS_50.npy,SmallMiddle,AutoRegressive,LSTM,,,1000,random,uniform,SHAP,10,1
17,1.6094379124341003,2.278129578503827e-16,,,SimulatedTrainingData_SmallMiddle_AutoRegressive_F_1_TS_50.npy,SmallMiddle,AutoRegressive,LSTM,,,1000,random,uniform,Lime,10,1
18,3.8149573743486096,0.07186307306612562,mutate_both,100,SimulatedTrainingData_SmallMiddle_AutoRegressive_F_1_TS_50.npy,SmallMiddle,AutoRegressive,CNN,,,,,,,,
19,3.8311698550216695,0.055512245603997236,authentic_opposing_information,100,SimulatedTrainingData_SmallMiddle_AutoRegressive_F_1_TS_50.npy,SmallMiddle,AutoRegressive,CNN,,,,,,,,
20,3.320910326353038,0.14483092504659661,,,SimulatedTrainingData_SmallMiddle_AutoRegressive_F_1_TS_50.npy,SmallMiddle,AutoRegressive,CNN,FO,False,,,,,,
21,3.458719208254596,0.143325971663475,,,SimulatedTrainingData_SmallMiddle_AutoRegressive_F_1_TS_50.npy,SmallMiddle,AutoRegressive,CNN,FA,False,,,,,,
22,3.7006924568342114,0.05085478308178967,,,SimulatedTrainingData_SmallMiddle_AutoRegressive_F_1_TS_50.npy,SmallMiddle,AutoRegressive,CNN,SG,False,,,,,,
23,3.374646102120702,0.12873963054363322,,,SimulatedTrainingData_SmallMiddle_AutoRegressive_F_1_TS_50.npy,SmallMiddle,AutoRegressive,CNN,DLS,False,,,,,,
24,3.2453250236514393,0.18115085142997853,,,SimulatedTrainingData_SmallMiddle_AutoRegressive_F_1_TS_50.npy,SmallMiddle,AutoRegressive,CNN,DL,False,,,,,,
25,3.3841390470762014,0.1287212759643703,,,SimulatedTrainingData_SmallMiddle_AutoRegressive_F_1_TS_50.npy,SmallMiddle,AutoRegressive,CNN,GS,False,,,,,,
26,3.321583255078732,0.1723721688668885,,,SimulatedTrainingData_SmallMiddle_AutoRegressive_F_1_TS_50.npy,SmallMiddle,AutoRegressive,CNN,GRAD,False,,,,,,
27,3.0432043454097673,0.055640249618790105,,,SimulatedTrainingData_SmallMiddle_AutoRegressive_F_1_TS_50.npy,SmallMiddle,AutoRegressive,CNN,FO,True,,,,,,
28,3.041210660875212,0.05456161082511033,,,SimulatedTrainingData_SmallMiddle_AutoRegressive_F_1_TS_50.npy,SmallMiddle,AutoRegressive,CNN,FA,True,,,,,,
29,3.1609980662445087,0.04819939052360239,,,SimulatedTrainingData_SmallMiddle_AutoRegressive_F_1_TS_50.npy,SmallMiddle,AutoRegressive,CNN,SG,True,,,,,,
30,3.0432677360716722,0.05805422871678028,,,SimulatedTrainingData_SmallMiddle_AutoRegressive_F_1_TS_50.npy,SmallMiddle,AutoRegressive,CNN,DLS,True,,,,,,
31,3.0562334034437417,0.056011653824206205,,,SimulatedTrainingData_SmallMiddle_AutoRegressive_F_1_TS_50.npy,SmallMiddle,AutoRegressive,CNN,DL,True,,,,,,
32,3.1717940830010023,0.03888092679103234,,,SimulatedTrainingData_SmallMiddle_AutoRegressive_F_1_TS_50.npy,SmallMiddle,AutoRegressive,CNN,GS,True,,,,,,
33,3.114461648484068,0.05322469824673921,,,SimulatedTrainingData_SmallMiddle_AutoRegressive_F_1_TS_50.npy,SmallMiddle,AutoRegressive,CNN,GRAD,True,,,,,,
34,1.6094379124341003,2.278129578503827e-16,,,SimulatedTrainingData_SmallMiddle_AutoRegressive_F_1_TS_50.npy,SmallMiddle,AutoRegressive,CNN,,,1000,random,uniform,SHAP,10,1
35,1.6094379124341003,2.278129578503827e-16,,,SimulatedTrainingData_SmallMiddle_AutoRegressive_F_1_TS_50.npy,SmallMiddle,AutoRegressive,CNN,,,1000,random,uniform,Lime,10,1
36,3.7734233263375048,0.08250386032451605,mutate_both,100,SimulatedTrainingData_RareTime_AutoRegressive_F_1_TS_50.npy,RareTime,AutoRegressive,LSTM,,,,,,,,
37,3.7632216515228762,0.07545422067379841,authentic_opposing_information,100,SimulatedTrainingData_RareTime_AutoRegressive_F_1_TS_50.npy,RareTime,AutoRegressive,LSTM,,,,,,,,
38,1.969836106647323,1.2265529040681373,,,SimulatedTrainingData_RareTime_AutoRegressive_F_1_TS_50.npy,RareTime,AutoRegressive,LSTM,FO,False,,,,,,
39,2.0935446478206474,1.1383154607564605,,,SimulatedTrainingData_RareTime_AutoRegressive_F_1_TS_50.npy,RareTime,AutoRegressive,LSTM,FA,False,,,,,,
40,3.450008728580927,0.17772838953885978,,,SimulatedTrainingData_RareTime_AutoRegressive_F_1_TS_50.npy,RareTime,AutoRegressive,LSTM,SG,False,,,,,,
41,2.7533354134127084,0.3569560738913868,,,SimulatedTrainingData_RareTime_AutoRegressive_F_1_TS_50.npy,RareTime,AutoRegressive,LSTM,DLS,False,,,,,,
42,2.7751616483681802,0.3691571751489126,,,SimulatedTrainingData_RareTime_AutoRegressive_F_1_TS_50.npy,RareTime,AutoRegressive,LSTM,DL,False,,,,,,
43,2.846631882302444,0.18404553567161974,,,SimulatedTrainingData_RareTime_AutoRegressive_F_1_TS_50.npy,RareTime,AutoRegressive,LSTM,GS,False,,,,,,
44,2.955702105733608,0.3636066903017956,,,SimulatedTrainingData_RareTime_AutoRegressive_F_1_TS_50.npy,RareTime,AutoRegressive,LSTM,GRAD,False,,,,,,
45,2.938900243919977,0.10909284337733907,,,SimulatedTrainingData_RareTime_AutoRegressive_F_1_TS_50.npy,RareTime,AutoRegressive,LSTM,FO,True,,,,,,
46,2.9341060793306077,0.10789991608804286,,,SimulatedTrainingData_RareTime_AutoRegressive_F_1_TS_50.npy,RareTime,AutoRegressive,LSTM,FA,True,,,,,,
47,3.0480127373046884,0.16488781882241332,,,SimulatedTrainingData_RareTime_AutoRegressive_F_1_TS_50.npy,RareTime,AutoRegressive,LSTM,SG,True,,,,,,
48,2.9171125115190994,0.12483371252739171,,,SimulatedTrainingData_RareTime_AutoRegressive_F_1_TS_50.npy,RareTime,AutoRegressive,LSTM,DLS,True,,,,,,
49,2.9125888928804544,0.11865590388727716,,,SimulatedTrainingData_RareTime_AutoRegressive_F_1_TS_50.npy,RareTime,AutoRegressive,LSTM,DL,True,,,,,,
50,3.0791094932098444,0.22706462500320368,,,SimulatedTrainingData_RareTime_AutoRegressive_F_1_TS_50.npy,RareTime,AutoRegressive,LSTM,GS,True,,,,,,
51,2.9101088044579577,0.11870891619990386,,,SimulatedTrainingData_RareTime_AutoRegressive_F_1_TS_50.npy,RareTime,AutoRegressive,LSTM,GRAD,True,,,,,,
52,1.6094379124341003,2.278129578503827e-16,,,SimulatedTrainingData_RareTime_AutoRegressive_F_1_TS_50.npy,RareTime,AutoRegressive,LSTM,,,1000,random,uniform,SHAP,10,1
53,1.6094379124341003,2.278129578503827e-16,,,SimulatedTrainingData_RareTime_AutoRegressive_F_1_TS_50.npy,RareTime,AutoRegressive,LSTM,,,1000,random,uniform,Lime,10,1
54,3.818286316183779,0.0367690809117275,mutate_both,100,SimulatedTrainingData_RareTime_AutoRegressive_F_1_TS_50.npy,RareTime,AutoRegressive,CNN,,,,,,,,
55,3.8172047639184754,0.05953229802659495,authentic_opposing_information,100,SimulatedTrainingData_RareTime_AutoRegressive_F_1_TS_50.npy,RareTime,AutoRegressive,CNN,,,,,,,,
56,3.1294840493295593,0.16271372995457228,,,SimulatedTrainingData_RareTime_AutoRegressive_F_1_TS_50.npy,RareTime,AutoRegressive,CNN,FO,False,,,,,,
57,3.274402421574011,0.1262057521053285,,,SimulatedTrainingData_RareTime_AutoRegressive_F_1_TS_50.npy,RareTime,AutoRegressive,CNN,FA,False,,,,,,
58,3.697057012746888,0.038056189339366456,,,SimulatedTrainingData_RareTime_AutoRegressive_F_1_TS_50.npy,RareTime,AutoRegressive,CNN,SG,False,,,,,,
59,3.351680425169745,0.12477860618247351,,,SimulatedTrainingData_RareTime_AutoRegressive_F_1_TS_50.npy,RareTime,AutoRegressive,CNN,DLS,False,,,,,,
60,3.1537904524601004,0.15739674093525224,,,SimulatedTrainingData_RareTime_AutoRegressive_F_1_TS_50.npy,RareTime,AutoRegressive,CNN,DL,False,,,,,,
61,3.3400543675342975,0.11558065707549885,,,SimulatedTrainingData_RareTime_AutoRegressive_F_1_TS_50.npy,RareTime,AutoRegressive,CNN,GS,False,,,,,,
62,3.359135643134355,0.20286905462953492,,,SimulatedTrainingData_RareTime_AutoRegressive_F_1_TS_50.npy,RareTime,AutoRegressive,CNN,GRAD,False,,,,,,
63,3.039811517479781,0.077440170386193,,,SimulatedTrainingData_RareTime_AutoRegressive_F_1_TS_50.npy,RareTime,AutoRegressive,CNN,FO,True,,,,,,
64,3.062217642661113,0.07457777915565157,,,SimulatedTrainingData_RareTime_AutoRegressive_F_1_TS_50.npy,RareTime,AutoRegressive,CNN,FA,True,,,,,,
65,3.1731594574171793,0.04336011058877403,,,SimulatedTrainingData_RareTime_AutoRegressive_F_1_TS_50.npy,RareTime,AutoRegressive,CNN,SG,True,,,,,,
66,3.058769188482351,0.06985595598905255,,,SimulatedTrainingData_RareTime_AutoRegressive_F_1_TS_50.npy,RareTime,AutoRegressive,CNN,DLS,True,,,,,,
67,3.056526105656412,0.0664574846609584,,,SimulatedTrainingData_RareTime_AutoRegressive_F_1_TS_50.npy,RareTime,AutoRegressive,CNN,DL,True,,,,,,
68,3.165851248158212,0.045201094456025916,,,SimulatedTrainingData_RareTime_AutoRegressive_F_1_TS_50.npy,RareTime,AutoRegressive,CNN,GS,True,,,,,,
69,3.0583300006923846,0.0965844952105306,,,SimulatedTrainingData_RareTime_AutoRegressive_F_1_TS_50.npy,RareTime,AutoRegressive,CNN,GRAD,True,,,,,,
70,1.6094379124341003,2.278129578503827e-16,,,SimulatedTrainingData_RareTime_AutoRegressive_F_1_TS_50.npy,RareTime,AutoRegressive,CNN,,,1000,random,uniform,SHAP,10,1
71,1.6094379124341003,2.278129578503827e-16,,,SimulatedTrainingData_RareTime_AutoRegressive_F_1_TS_50.npy,RareTime,AutoRegressive,CNN,,,1000,random,uniform,Lime,10,1
72,3.824940792006295,0.02236830951705201,mutate_both,100,SimulatedTrainingData_PostionalTime_NARMA_F_1_TS_50.npy,PostionalTime,NARMA,CNN,,,,,,,,
73,3.8209952001474035,0.015217242525950312,authentic_opposing_information,100,SimulatedTrainingData_PostionalTime_NARMA_F_1_TS_50.npy,PostionalTime,NARMA,CNN,,,,,,,,
74,3.364521862868417,0.08658493596665455,,,SimulatedTrainingData_PostionalTime_NARMA_F_1_TS_50.npy,PostionalTime,NARMA,CNN,FO,False,,,,,,
75,3.474003087142042,0.12062849538879077,,,SimulatedTrainingData_PostionalTime_NARMA_F_1_TS_50.npy,PostionalTime,NARMA,CNN,FA,False,,,,,,
76,3.7047902129232027,0.05829002957586123,,,SimulatedTrainingData_PostionalTime_NARMA_F_1_TS_50.npy,PostionalTime,NARMA,CNN,SG,False,,,,,,
77,3.454058448530804,0.09235319326624776,,,SimulatedTrainingData_PostionalTime_NARMA_F_1_TS_50.npy,PostionalTime,NARMA,CNN,DLS,False,,,,,,
78,3.278606422869791,0.1538839776662278,,,SimulatedTrainingData_PostionalTime_NARMA_F_1_TS_50.npy,PostionalTime,NARMA,CNN,DL,False,,,,,,
79,3.444594559742221,0.11599316371885139,,,SimulatedTrainingData_PostionalTime_NARMA_F_1_TS_50.npy,PostionalTime,NARMA,CNN,GS,False,,,,,,
80,3.533799787671402,0.05412356660210685,,,SimulatedTrainingData_PostionalTime_NARMA_F_1_TS_50.npy,PostionalTime,NARMA,CNN,GRAD,False,,,,,,
81,3.0675553767645436,0.04532445188995023,,,SimulatedTrainingData_PostionalTime_NARMA_F_1_TS_50.npy,PostionalTime,NARMA,CNN,FO,True,,,,,,
82,3.0667586093607646,0.05224287531560122,,,SimulatedTrainingData_PostionalTime_NARMA_F_1_TS_50.npy,PostionalTime,NARMA,CNN,FA,True,,,,,,
83,3.1708262034630006,0.039483862897216844,,,SimulatedTrainingData_PostionalTime_NARMA_F_1_TS_50.npy,PostionalTime,NARMA,CNN,SG,True,,,,,,
84,3.068004836660467,0.0429423875602398,,,SimulatedTrainingData_PostionalTime_NARMA_F_1_TS_50.npy,PostionalTime,NARMA,CNN,DLS,True,,,,,,
85,3.0569855737180345,0.034877203348111036,,,SimulatedTrainingData_PostionalTime_NARMA_F_1_TS_50.npy,PostionalTime,NARMA,CNN,DL,True,,,,,,
86,3.1532223262520853,0.0453757189606851,,,SimulatedTrainingData_PostionalTime_NARMA_F_1_TS_50.npy,PostionalTime,NARMA,CNN,GS,True,,,,,,
87,3.135964718907812,0.03538209982090497,,,SimulatedTrainingData_PostionalTime_NARMA_F_1_TS_50.npy,PostionalTime,NARMA,CNN,GRAD,True,,,,,,
88,1.6094379124341003,2.278129578503827e-16,,,SimulatedTrainingData_PostionalTime_NARMA_F_1_TS_50.npy,PostionalTime,NARMA,CNN,,,1000,random,uniform,SHAP,10,1
89,1.6094379124341003,2.278129578503827e-16,,,SimulatedTrainingData_PostionalTime_NARMA_F_1_TS_50.npy,PostionalTime,NARMA,CNN,,,1000,random,uniform,Lime,10,1
90,3.811267855391418,0.020869458033377686,mutate_both,100,SimulatedTrainingData_PostionalTime_Box_F_1_TS_50.npy,PostionalTime,Box,CNN,,,,,,,,
91,3.8125527244428286,0.023375654367227258,authentic_opposing_information,100,SimulatedTrainingData_PostionalTime_Box_F_1_TS_50.npy,PostionalTime,Box,CNN,,,,,,,,
92,3.355711178910596,0.09170316737190184,,,SimulatedTrainingData_PostionalTime_Box_F_1_TS_50.npy,PostionalTime,Box,CNN,FO,False,,,,,,
93,3.522507367429667,0.06303116597070416,,,SimulatedTrainingData_PostionalTime_Box_F_1_TS_50.npy,PostionalTime,Box,CNN,FA,False,,,,,,
94,3.7231296260590425,0.050114535313683914,,,SimulatedTrainingData_PostionalTime_Box_F_1_TS_50.npy,PostionalTime,Box,CNN,SG,False,,,,,,
95,3.490024794747029,0.07080500041315871,,,SimulatedTrainingData_PostionalTime_Box_F_1_TS_50.npy,PostionalTime,Box,CNN,DLS,False,,,,,,
96,3.3055641275916114,0.1106643796919041,,,SimulatedTrainingData_PostionalTime_Box_F_1_TS_50.npy,PostionalTime,Box,CNN,DL,False,,,,,,
97,3.4949662127659082,0.07550189299160232,,,SimulatedTrainingData_PostionalTime_Box_F_1_TS_50.npy,PostionalTime,Box,CNN,GS,False,,,,,,
98,3.5383061323781413,0.07251697576406363,,,SimulatedTrainingData_PostionalTime_Box_F_1_TS_50.npy,PostionalTime,Box,CNN,GRAD,False,,,,,,
99,3.0794742930630647,0.04908006121526319,,,SimulatedTrainingData_PostionalTime_Box_F_1_TS_50.npy,PostionalTime,Box,CNN,FO,True,,,,,,
100,3.0830719589952342,0.05138020784492692,,,SimulatedTrainingData_PostionalTime_Box_F_1_TS_50.npy,PostionalTime,Box,CNN,FA,True,,,,,,
101,3.162727072282634,0.05177148735382001,,,SimulatedTrainingData_PostionalTime_Box_F_1_TS_50.npy,PostionalTime,Box,CNN,SG,True,,,,,,
102,3.0885150615940273,0.04808430071337369,,,SimulatedTrainingData_PostionalTime_Box_F_1_TS_50.npy,PostionalTime,Box,CNN,DLS,True,,,,,,
103,3.080585263688311,0.06020419096002999,,,SimulatedTrainingData_PostionalTime_Box_F_1_TS_50.npy,PostionalTime,Box,CNN,DL,True,,,,,,
104,3.1693152521465993,0.04514767123629898,,,SimulatedTrainingData_PostionalTime_Box_F_1_TS_50.npy,PostionalTime,Box,CNN,GS,True,,,,,,
105,3.148656904248784,0.038700512362556144,,,SimulatedTrainingData_PostionalTime_Box_F_1_TS_50.npy,PostionalTime,Box,CNN,GRAD,True,,,,,,
106,1.6094379124341003,2.278129578503827e-16,,,SimulatedTrainingData_PostionalTime_Box_F_1_TS_50.npy,PostionalTime,Box,CNN,,,1000,random,uniform,SHAP,10,1
107,1.6094379124341003,2.278129578503827e-16,,,SimulatedTrainingData_PostionalTime_Box_F_1_TS_50.npy,PostionalTime,Box,CNN,,,1000,random,uniform,Lime,10,1
108,3.8138651050730465,0.02642901465751541,mutate_both,100,SimulatedTrainingData_PostionalTime_PseudoPeriodic_F_1_TS_50.npy,PostionalTime,PseudoPeriodic,CNN,,,,,,,,
109,3.8156989063723357,0.02280080861147486,authentic_opposing_information,100,SimulatedTrainingData_PostionalTime_PseudoPeriodic_F_1_TS_50.npy,PostionalTime,PseudoPeriodic,CNN,,,,,,,,
110,1.5644769268981868,0.7258845603360359,,,SimulatedTrainingData_PostionalTime_PseudoPeriodic_F_1_TS_50.npy,PostionalTime,PseudoPeriodic,CNN,FO,False,,,,,,
111,1.6511053191283611,0.6400773572811952,,,SimulatedTrainingData_PostionalTime_PseudoPeriodic_F_1_TS_50.npy,PostionalTime,PseudoPeriodic,CNN,FA,False,,,,,,
112,2.7567494335648286,0.3567904904161875,,,SimulatedTrainingData_PostionalTime_PseudoPeriodic_F_1_TS_50.npy,PostionalTime,PseudoPeriodic,CNN,SG,False,,,,,,
113,2.2430512867736736,0.39391998384759475,,,SimulatedTrainingData_PostionalTime_PseudoPeriodic_F_1_TS_50.npy,PostionalTime,PseudoPeriodic,CNN,DLS,False,,,,,,
114,2.1214497833135777,0.3111297590019136,,,SimulatedTrainingData_PostionalTime_PseudoPeriodic_F_1_TS_50.npy,PostionalTime,PseudoPeriodic,CNN,DL,False,,,,,,
115,2.4407581324801915,0.41835275812934286,,,SimulatedTrainingData_PostionalTime_PseudoPeriodic_F_1_TS_50.npy,PostionalTime,PseudoPeriodic,CNN,GS,False,,,,,,
116,2.2026115211276838,0.14616496967872478,,,SimulatedTrainingData_PostionalTime_PseudoPeriodic_F_1_TS_50.npy,PostionalTime,PseudoPeriodic,CNN,GRAD,False,,,,,,
117,1.5942542663314134,0.9563558158334204,,,SimulatedTrainingData_PostionalTime_PseudoPeriodic_F_1_TS_50.npy,PostionalTime,PseudoPeriodic,CNN,FO,True,,,,,,
118,1.9691187975716535,0.6472230315607567,,,SimulatedTrainingData_PostionalTime_PseudoPeriodic_F_1_TS_50.npy,PostionalTime,PseudoPeriodic,CNN,FA,True,,,,,,
119,3.099418851371248,0.10645125280850068,,,SimulatedTrainingData_PostionalTime_PseudoPeriodic_F_1_TS_50.npy,PostionalTime,PseudoPeriodic,CNN,SG,True,,,,,,
120,2.2883550400899044,0.09136299079681916,,,SimulatedTrainingData_PostionalTime_PseudoPeriodic_F_1_TS_50.npy,PostionalTime,PseudoPeriodic,CNN,DLS,True,,,,,,
121,2.29216919442409,0.19279112304692791,,,SimulatedTrainingData_PostionalTime_PseudoPeriodic_F_1_TS_50.npy,PostionalTime,PseudoPeriodic,CNN,DL,True,,,,,,
122,3.1455524859068316,0.06726965820301734,,,SimulatedTrainingData_PostionalTime_PseudoPeriodic_F_1_TS_50.npy,PostionalTime,PseudoPeriodic,CNN,GS,True,,,,,,
123,,,,,SimulatedTrainingData_PostionalTime_PseudoPeriodic_F_1_TS_50.npy,PostionalTime,PseudoPeriodic,CNN,GRAD,True,,,,,,
124,1.6094379124341003,2.278129578503827e-16,,,SimulatedTrainingData_PostionalTime_PseudoPeriodic_F_1_TS_50.npy,PostionalTime,PseudoPeriodic,CNN,,,1000,random,uniform,SHAP,10,1
125,1.6094379124341003,2.278129578503827e-16,,,SimulatedTrainingData_PostionalTime_PseudoPeriodic_F_1_TS_50.npy,PostionalTime,PseudoPeriodic,CNN,,,1000,random,uniform,Lime,10,1
126,3.7589082212405245,0.04029911663211908,mutate_both,100,SimulatedTrainingData_PostionalFeature_NARMA_F_1_TS_50.npy,PostionalFeature,NARMA,LSTM,,,,,,,,
127,3.7590179975259055,0.04486413012387938,authentic_opposing_information,100,SimulatedTrainingData_PostionalFeature_NARMA_F_1_TS_50.npy,PostionalFeature,NARMA,LSTM,,,,,,,,
128,1.2762713505004135,0.2131198482428124,,,SimulatedTrainingData_PostionalFeature_NARMA_F_1_TS_50.npy,PostionalFeature,NARMA,LSTM,FO,False,,,,,,
129,1.4240764693807937,0.12051227883269097,,,SimulatedTrainingData_PostionalFeature_NARMA_F_1_TS_50.npy,PostionalFeature,NARMA,LSTM,FA,False,,,,,,
130,1.4637373328503895,0.03633280426761095,,,SimulatedTrainingData_PostionalFeature_NARMA_F_1_TS_50.npy,PostionalFeature,NARMA,LSTM,SG,False,,,,,,
131,1.3510976451967456,0.26154414072924603,,,SimulatedTrainingData_PostionalFeature_NARMA_F_1_TS_50.npy,PostionalFeature,NARMA,LSTM,DLS,False,,,,,,
132,1.4062051722338462,0.23483395963202763,,,SimulatedTrainingData_PostionalFeature_NARMA_F_1_TS_50.npy,PostionalFeature,NARMA,LSTM,DL,False,,,,,,
133,1.2785354841485401,0.21243939232197684,,,SimulatedTrainingData_PostionalFeature_NARMA_F_1_TS_50.npy,PostionalFeature,NARMA,LSTM,GS,False,,,,,,
134,1.453336683933331,0.018047035747327134,,,SimulatedTrainingData_PostionalFeature_NARMA_F_1_TS_50.npy,PostionalFeature,NARMA,LSTM,GRAD,False,,,,,,
135,1.872317383743566,0.44762074281579006,,,SimulatedTrainingData_PostionalFeature_NARMA_F_1_TS_50.npy,PostionalFeature,NARMA,LSTM,FO,True,,,,,,
136,1.5815998844822339,0.6375336572015703,,,SimulatedTrainingData_PostionalFeature_NARMA_F_1_TS_50.npy,PostionalFeature,NARMA,LSTM,FA,True,,,,,,
137,3.1225843006034832,0.052363687826155775,,,SimulatedTrainingData_PostionalFeature_NARMA_F_1_TS_50.npy,PostionalFeature,NARMA,LSTM,SG,True,,,,,,
138,1.6258447422188769,0.21341798365216538,,,SimulatedTrainingData_PostionalFeature_NARMA_F_1_TS_50.npy,PostionalFeature,NARMA,LSTM,DLS,True,,,,,,
139,1.7807668249703414,0.35043977277706323,,,SimulatedTrainingData_PostionalFeature_NARMA_F_1_TS_50.npy,PostionalFeature,NARMA,LSTM,DL,True,,,,,,
140,3.1675480464883234,0.044157861693439486,,,SimulatedTrainingData_PostionalFeature_NARMA_F_1_TS_50.npy,PostionalFeature,NARMA,LSTM,GS,True,,,,,,
141,1.8522079580847362,0.3300520335383552,,,SimulatedTrainingData_PostionalFeature_NARMA_F_1_TS_50.npy,PostionalFeature,NARMA,LSTM,GRAD,True,,,,,,
142,1.6094379124341003,2.278129578503827e-16,,,SimulatedTrainingData_PostionalFeature_NARMA_F_1_TS_50.npy,PostionalFeature,NARMA,LSTM,,,1000,random,uniform,SHAP,10,1
143,1.6094379124341003,2.278129578503827e-16,,,SimulatedTrainingData_PostionalFeature_NARMA_F_1_TS_50.npy,PostionalFeature,NARMA,LSTM,,,1000,random,uniform,Lime,10,1
144,3.714526090100778,0.041745479076781715,mutate_both,100,SimulatedTrainingData_PostionalFeature_Harmonic_F_1_TS_50.npy,PostionalFeature,Harmonic,LSTM,,,,,,,,
145,3.6848544009162842,0.03751657435796318,authentic_opposing_information,100,SimulatedTrainingData_PostionalFeature_Harmonic_F_1_TS_50.npy,PostionalFeature,Harmonic,LSTM,,,,,,,,
146,3.0587435612249094,0.2660875973217129,,,SimulatedTrainingData_PostionalFeature_Harmonic_F_1_TS_50.npy,PostionalFeature,Harmonic,LSTM,FO,False,,,,,,
147,3.1296417795279363,0.32901624789062883,,,SimulatedTrainingData_PostionalFeature_Harmonic_F_1_TS_50.npy,PostionalFeature,Harmonic,LSTM,FA,False,,,,,,
148,2.540769638289912,0.2068370175970309,,,SimulatedTrainingData_PostionalFeature_Harmonic_F_1_TS_50.npy,PostionalFeature,Harmonic,LSTM,SG,False,,,,,,
149,3.11548935894941,0.2794960556932638,,,SimulatedTrainingData_PostionalFeature_Harmonic_F_1_TS_50.npy,PostionalFeature,Harmonic,LSTM,DLS,False,,,,,,
150,3.1033477021402556,0.2961163396377634,,,SimulatedTrainingData_PostionalFeature_Harmonic_F_1_TS_50.npy,PostionalFeature,Harmonic,LSTM,DL,False,,,,,,
151,3.288685871730838,0.20155860323636954,,,SimulatedTrainingData_PostionalFeature_Harmonic_F_1_TS_50.npy,PostionalFeature,Harmonic,LSTM,GS,False,,,,,,
152,3.3368222129443597,0.2726991806350716,,,SimulatedTrainingData_PostionalFeature_Harmonic_F_1_TS_50.npy,PostionalFeature,Harmonic,LSTM,GRAD,False,,,,,,
153,3.0108786198773263,0.07778339383175145,,,SimulatedTrainingData_PostionalFeature_Harmonic_F_1_TS_50.npy,PostionalFeature,Harmonic,LSTM,FO,True,,,,,,
154,3.011315416573347,0.07643825929612927,,,SimulatedTrainingData_PostionalFeature_Harmonic_F_1_TS_50.npy,PostionalFeature,Harmonic,LSTM,FA,True,,,,,,
155,3.172674473807577,0.031143839642054416,,,SimulatedTrainingData_PostionalFeature_Harmonic_F_1_TS_50.npy,PostionalFeature,Harmonic,LSTM,SG,True,,,,,,
156,3.0057916615815374,0.08581078185272983,,,SimulatedTrainingData_PostionalFeature_Harmonic_F_1_TS_50.npy,PostionalFeature,Harmonic,LSTM,DLS,True,,,,,,
157,3.008198957179654,0.08499776348021129,,,SimulatedTrainingData_PostionalFeature_Harmonic_F_1_TS_50.npy,PostionalFeature,Harmonic,LSTM,DL,True,,,,,,
158,3.1719768095938634,0.04060123325725563,,,SimulatedTrainingData_PostionalFeature_Harmonic_F_1_TS_50.npy,PostionalFeature,Harmonic,LSTM,GS,True,,,,,,
159,3.012259574210721,0.07762608168463586,,,SimulatedTrainingData_PostionalFeature_Harmonic_F_1_TS_50.npy,PostionalFeature,Harmonic,LSTM,GRAD,True,,,,,,
160,1.6094379124341003,2.278129578503827e-16,,,SimulatedTrainingData_PostionalFeature_Harmonic_F_1_TS_50.npy,PostionalFeature,Harmonic,LSTM,,,1000,random,uniform,SHAP,10,1
161,1.6094379124341003,2.278129578503827e-16,,,SimulatedTrainingData_PostionalFeature_Harmonic_F_1_TS_50.npy,PostionalFeature,Harmonic,LSTM,,,1000,random,uniform,Lime,10,1
162,3.7536602548241804,0.03151815517142061,mutate_both,100,SimulatedTrainingData_PostionalFeature_Harmonic_F_1_TS_50.npy,PostionalFeature,Harmonic,CNN,,,,,,,,
163,3.7508060373556296,0.03022255544105101,authentic_opposing_information,100,SimulatedTrainingData_PostionalFeature_Harmonic_F_1_TS_50.npy,PostionalFeature,Harmonic,CNN,,,,,,,,
164,2.9030310152463614,0.2934474497138065,,,SimulatedTrainingData_PostionalFeature_Harmonic_F_1_TS_50.npy,PostionalFeature,Harmonic,CNN,FO,False,,,,,,
165,3.0418167423622418,0.2271565509783051,,,SimulatedTrainingData_PostionalFeature_Harmonic_F_1_TS_50.npy,PostionalFeature,Harmonic,CNN,FA,False,,,,,,
166,3.6467626059270772,0.07143280955114108,,,SimulatedTrainingData_PostionalFeature_Harmonic_F_1_TS_50.npy,PostionalFeature,Harmonic,CNN,SG,False,,,,,,
167,2.9460762484935525,0.40729829801249673,,,SimulatedTrainingData_PostionalFeature_Harmonic_F_1_TS_50.npy,PostionalFeature,Harmonic,CNN,DLS,False,,,,,,
168,2.840750488897466,0.24312992340906844,,,SimulatedTrainingData_PostionalFeature_Harmonic_F_1_TS_50.npy,PostionalFeature,Harmonic,CNN,DL,False,,,,,,
169,3.221882393925321,0.15897494122874833,,,SimulatedTrainingData_PostionalFeature_Harmonic_F_1_TS_50.npy,PostionalFeature,Harmonic,CNN,GS,False,,,,,,
170,3.215941580477927,0.2562095076301933,,,SimulatedTrainingData_PostionalFeature_Harmonic_F_1_TS_50.npy,PostionalFeature,Harmonic,CNN,GRAD,False,,,,,,
171,3.0258771923437022,0.054154060559950125,,,SimulatedTrainingData_PostionalFeature_Harmonic_F_1_TS_50.npy,PostionalFeature,Harmonic,CNN,FO,True,,,,,,
172,3.0178191069543057,0.055969424508299705,,,SimulatedTrainingData_PostionalFeature_Harmonic_F_1_TS_50.npy,PostionalFeature,Harmonic,CNN,FA,True,,,,,,
173,3.154762559053572,0.05777599546176983,,,SimulatedTrainingData_PostionalFeature_Harmonic_F_1_TS_50.npy,PostionalFeature,Harmonic,CNN,SG,True,,,,,,
174,3.012768623365454,0.06950174781966195,,,SimulatedTrainingData_PostionalFeature_Harmonic_F_1_TS_50.npy,PostionalFeature,Harmonic,CNN,DLS,True,,,,,,
175,3.001250907467553,0.07313212249581137,,,SimulatedTrainingData_PostionalFeature_Harmonic_F_1_TS_50.npy,PostionalFeature,Harmonic,CNN,DL,True,,,,,,
176,3.169248286075017,0.039426478547782876,,,SimulatedTrainingData_PostionalFeature_Harmonic_F_1_TS_50.npy,PostionalFeature,Harmonic,CNN,GS,True,,,,,,
177,3.045884984425486,0.06907075474039681,,,SimulatedTrainingData_PostionalFeature_Harmonic_F_1_TS_50.npy,PostionalFeature,Harmonic,CNN,GRAD,True,,,,,,
178,1.6094379124341003,2.278129578503827e-16,,,SimulatedTrainingData_PostionalFeature_Harmonic_F_1_TS_50.npy,PostionalFeature,Harmonic,CNN,,,1000,random,uniform,SHAP,10,1
179,1.6094379124341003,2.278129578503827e-16,,,SimulatedTrainingData_PostionalFeature_Harmonic_F_1_TS_50.npy,PostionalFeature,Harmonic,CNN,,,1000,random,uniform,Lime,10,1
180,3.818328705561006,0.02495719759847937,mutate_both,100,SimulatedTrainingData_PostionalFeature_CAR_F_1_TS_50.npy,PostionalFeature,CAR,CNN,,,,,,,,
181,3.823002652801828,0.02798391000773047,authentic_opposing_information,100,SimulatedTrainingData_PostionalFeature_CAR_F_1_TS_50.npy,PostionalFeature,CAR,CNN,,,,,,,,
182,3.4100910915329394,0.09997708024493217,,,SimulatedTrainingData_PostionalFeature_CAR_F_1_TS_50.npy,PostionalFeature,CAR,CNN,FO,False,,,,,,
183,3.5546922206808573,0.07777702316080133,,,SimulatedTrainingData_PostionalFeature_CAR_F_1_TS_50.npy,PostionalFeature,CAR,CNN,FA,False,,,,,,
184,3.7363978451915734,0.043563723966369025,,,SimulatedTrainingData_PostionalFeature_CAR_F_1_TS_50.npy,PostionalFeature,CAR,CNN,SG,False,,,,,,
185,3.4573487008533874,0.07379597461119265,,,SimulatedTrainingData_PostionalFeature_CAR_F_1_TS_50.npy,PostionalFeature,CAR,CNN,DLS,False,,,,,,
186,3.324327325402547,0.10305512892669887,,,SimulatedTrainingData_PostionalFeature_CAR_F_1_TS_50.npy,PostionalFeature,CAR,CNN,DL,False,,,,,,
187,3.5228712604533903,0.06239612199208204,,,SimulatedTrainingData_PostionalFeature_CAR_F_1_TS_50.npy,PostionalFeature,CAR,CNN,GS,False,,,,,,
188,3.5665328271105707,0.05902317615811565,,,SimulatedTrainingData_PostionalFeature_CAR_F_1_TS_50.npy,PostionalFeature,CAR,CNN,GRAD,False,,,,,,
189,3.0785991512894935,0.06552308833524667,,,SimulatedTrainingData_PostionalFeature_CAR_F_1_TS_50.npy,PostionalFeature,CAR,CNN,FO,True,,,,,,
190,3.0737307349377123,0.060520167786665184,,,SimulatedTrainingData_PostionalFeature_CAR_F_1_TS_50.npy,PostionalFeature,CAR,CNN,FA,True,,,,,,
191,3.1591719647806142,0.058178646535921995,,,SimulatedTrainingData_PostionalFeature_CAR_F_1_TS_50.npy,PostionalFeature,CAR,CNN,SG,True,,,,,,
192,3.080205017911452,0.060134802969081635,,,SimulatedTrainingData_PostionalFeature_CAR_F_1_TS_50.npy,PostionalFeature,CAR,CNN,DLS,True,,,,,,
193,3.075397415722895,0.06211833114167731,,,SimulatedTrainingData_PostionalFeature_CAR_F_1_TS_50.npy,PostionalFeature,CAR,CNN,DL,True,,,,,,
194,3.1672332159870167,0.04558231325728141,,,SimulatedTrainingData_PostionalFeature_CAR_F_1_TS_50.npy,PostionalFeature,CAR,CNN,GS,True,,,,,,
195,3.152255264215997,0.0370807949924428,,,SimulatedTrainingData_PostionalFeature_CAR_F_1_TS_50.npy,PostionalFeature,CAR,CNN,GRAD,True,,,,,,
196,1.6094379124341003,2.278129578503827e-16,,,SimulatedTrainingData_PostionalFeature_CAR_F_1_TS_50.npy,PostionalFeature,CAR,CNN,,,1000,random,uniform,SHAP,10,1
197,1.6094379124341003,2.278129578503827e-16,,,SimulatedTrainingData_PostionalFeature_CAR_F_1_TS_50.npy,PostionalFeature,CAR,CNN,,,1000,random,uniform,Lime,10,1
198,3.8104996503228663,0.02745356968022511,mutate_both,100,SimulatedTrainingData_PostionalFeature_Box_F_1_TS_50.npy,PostionalFeature,Box,CNN,,,,,,,,
199,3.8042772242085854,0.020402087790728562,authentic_opposing_information,100,SimulatedTrainingData_PostionalFeature_Box_F_1_TS_50.npy,PostionalFeature,Box,CNN,,,,,,,,
200,3.3175380637196286,0.11504768226231663,,,SimulatedTrainingData_PostionalFeature_Box_F_1_TS_50.npy,PostionalFeature,Box,CNN,FO,False,,,,,,
201,3.4733297318895078,0.07784321343097356,,,SimulatedTrainingData_PostionalFeature_Box_F_1_TS_50.npy,PostionalFeature,Box,CNN,FA,False,,,,,,
202,3.7088606586830144,0.041696925966670406,,,SimulatedTrainingData_PostionalFeature_Box_F_1_TS_50.npy,PostionalFeature,Box,CNN,SG,False,,,,,,
203,3.369210534718781,0.11483200163816636,,,SimulatedTrainingData_PostionalFeature_Box_F_1_TS_50.npy,PostionalFeature,Box,CNN,DLS,False,,,,,,
204,3.056512711948348,0.2613812089337332,,,SimulatedTrainingData_PostionalFeature_Box_F_1_TS_50.npy,PostionalFeature,Box,CNN,DL,False,,,,,,
205,3.4115682294881973,0.11279740253833594,,,SimulatedTrainingData_PostionalFeature_Box_F_1_TS_50.npy,PostionalFeature,Box,CNN,GS,False,,,,,,
206,3.391000611553845,0.18468935703054784,,,SimulatedTrainingData_PostionalFeature_Box_F_1_TS_50.npy,PostionalFeature,Box,CNN,GRAD,False,,,,,,
207,3.082637473772846,0.058409700827852566,,,SimulatedTrainingData_PostionalFeature_Box_F_1_TS_50.npy,PostionalFeature,Box,CNN,FO,True,,,,,,
208,3.0742071119392778,0.06582612763427467,,,SimulatedTrainingData_PostionalFeature_Box_F_1_TS_50.npy,PostionalFeature,Box,CNN,FA,True,,,,,,
209,3.168041234006905,0.038709138330049346,,,SimulatedTrainingData_PostionalFeature_Box_F_1_TS_50.npy,PostionalFeature,Box,CNN,SG,True,,,,,,
210,3.0579189729665175,0.06802657479245967,,,SimulatedTrainingData_PostionalFeature_Box_F_1_TS_50.npy,PostionalFeature,Box,CNN,DLS,True,,,,,,
211,3.05445242189196,0.07331095575139428,,,SimulatedTrainingData_PostionalFeature_Box_F_1_TS_50.npy,PostionalFeature,Box,CNN,DL,True,,,,,,
212,3.164213869266548,0.030995855340483373,,,SimulatedTrainingData_PostionalFeature_Box_F_1_TS_50.npy,PostionalFeature,Box,CNN,GS,True,,,,,,
213,3.0734930064516,0.0837226199039488,,,SimulatedTrainingData_PostionalFeature_Box_F_1_TS_50.npy,PostionalFeature,Box,CNN,GRAD,True,,,,,,
214,1.6094379124341003,2.278129578503827e-16,,,SimulatedTrainingData_PostionalFeature_Box_F_1_TS_50.npy,PostionalFeature,Box,CNN,,,1000,random,uniform,SHAP,10,1
215,1.6094379124341003,2.278129578503827e-16,,,SimulatedTrainingData_PostionalFeature_Box_F_1_TS_50.npy,PostionalFeature,Box,CNN,,,1000,random,uniform,Lime,10,1
216,3.8529273681494707,0.024913477786514277,mutate_both,100,SimulatedTrainingData_PostionalFeature_AutoRegressive_F_1_TS_50.npy,PostionalFeature,AutoRegressive,CNN,,,,,,,,
217,3.85119984095248,0.02100617873855068,authentic_opposing_information,100,SimulatedTrainingData_PostionalFeature_AutoRegressive_F_1_TS_50.npy,PostionalFeature,AutoRegressive,CNN,,,,,,,,
218,3.1584681832367765,0.1863592502748896,,,SimulatedTrainingData_PostionalFeature_AutoRegressive_F_1_TS_50.npy,PostionalFeature,AutoRegressive,CNN,FO,False,,,,,,
219,3.393175165554628,0.17546192677914574,,,SimulatedTrainingData_PostionalFeature_AutoRegressive_F_1_TS_50.npy,PostionalFeature,AutoRegressive,CNN,FA,False,,,,,,
220,3.7087615268832925,0.08206594768810292,,,SimulatedTrainingData_PostionalFeature_AutoRegressive_F_1_TS_50.npy,PostionalFeature,AutoRegressive,CNN,SG,False,,,,,,
221,3.564997961796478,0.07046871675664308,,,SimulatedTrainingData_PostionalFeature_AutoRegressive_F_1_TS_50.npy,PostionalFeature,AutoRegressive,CNN,DLS,False,,,,,,
222,3.3803529508908445,0.15697043434017466,,,SimulatedTrainingData_PostionalFeature_AutoRegressive_F_1_TS_50.npy,PostionalFeature,AutoRegressive,CNN,DL,False,,,,,,
223,3.4619766993552994,0.12094136606327825,,,SimulatedTrainingData_PostionalFeature_AutoRegressive_F_1_TS_50.npy,PostionalFeature,AutoRegressive,CNN,GS,False,,,,,,
224,3.427387154986397,0.2547722196124066,,,SimulatedTrainingData_PostionalFeature_AutoRegressive_F_1_TS_50.npy,PostionalFeature,AutoRegressive,CNN,GRAD,False,,,,,,
225,3.0484104079085714,0.11092168590845632,,,SimulatedTrainingData_PostionalFeature_AutoRegressive_F_1_TS_50.npy,PostionalFeature,AutoRegressive,CNN,FO,True,,,,,,
226,3.021140754391788,0.14550640135513493,,,SimulatedTrainingData_PostionalFeature_AutoRegressive_F_1_TS_50.npy,PostionalFeature,AutoRegressive,CNN,FA,True,,,,,,
227,3.1460513989755494,0.04569938909979792,,,SimulatedTrainingData_PostionalFeature_AutoRegressive_F_1_TS_50.npy,PostionalFeature,AutoRegressive,CNN,SG,True,,,,,,
228,3.0682198762969612,0.07569466539396248,,,SimulatedTrainingData_PostionalFeature_AutoRegressive_F_1_TS_50.npy,PostionalFeature,AutoRegressive,CNN,DLS,True,,,,,,
229,3.0655692855250196,0.0660858270684355,,,SimulatedTrainingData_PostionalFeature_AutoRegressive_F_1_TS_50.npy,PostionalFeature,AutoRegressive,CNN,DL,True,,,,,,
230,3.181680613117889,0.03427161475216754,,,SimulatedTrainingData_PostionalFeature_AutoRegressive_F_1_TS_50.npy,PostionalFeature,AutoRegressive,CNN,GS,True,,,,,,
231,3.0098238724281825,0.1796220085125197,,,SimulatedTrainingData_PostionalFeature_AutoRegressive_F_1_TS_50.npy,PostionalFeature,AutoRegressive,CNN,GRAD,True,,,,,,
232,1.6094379124341003,2.278129578503827e-16,,,SimulatedTrainingData_PostionalFeature_AutoRegressive_F_1_TS_50.npy,PostionalFeature,AutoRegressive,CNN,,,1000,random,uniform,SHAP,10,1
233,1.6094379124341003,2.278129578503827e-16,,,SimulatedTrainingData_PostionalFeature_AutoRegressive_F_1_TS_50.npy,PostionalFeature,AutoRegressive,CNN,,,1000,random,uniform,Lime,10,1
234,3.821738716441309,0.025229910700493144,mutate_both,100,SimulatedTrainingData_Moving_SmallMiddle_NARMA_F_1_TS_50.npy,SmallMiddle,NARMA,CNN,,,,,,,,
235,3.8189413632152167,0.020626865311221324,authentic_opposing_information,100,SimulatedTrainingData_Moving_SmallMiddle_NARMA_F_1_TS_50.npy,SmallMiddle,NARMA,CNN,,,,,,,,
236,3.3599058105662936,0.1046954614662721,,,SimulatedTrainingData_Moving_SmallMiddle_NARMA_F_1_TS_50.npy,SmallMiddle,NARMA,CNN,FO,False,,,,,,
237,3.4953305225585325,0.07697651199199836,,,SimulatedTrainingData_Moving_SmallMiddle_NARMA_F_1_TS_50.npy,SmallMiddle,NARMA,CNN,FA,False,,,,,,
238,3.7282539080487105,0.05238048379183934,,,SimulatedTrainingData_Moving_SmallMiddle_NARMA_F_1_TS_50.npy,SmallMiddle,NARMA,CNN,SG,False,,,,,,
239,3.4923865096762667,0.09885328587208413,,,SimulatedTrainingData_Moving_SmallMiddle_NARMA_F_1_TS_50.npy,SmallMiddle,NARMA,CNN,DLS,False,,,,,,
240,3.323266793806223,0.10278871847034454,,,SimulatedTrainingData_Moving_SmallMiddle_NARMA_F_1_TS_50.npy,SmallMiddle,NARMA,CNN,DL,False,,,,,,
241,3.4714449833207808,0.10001622451240536,,,SimulatedTrainingData_Moving_SmallMiddle_NARMA_F_1_TS_50.npy,SmallMiddle,NARMA,CNN,GS,False,,,,,,
242,3.545892510938503,0.09787880512520608,,,SimulatedTrainingData_Moving_SmallMiddle_NARMA_F_1_TS_50.npy,SmallMiddle,NARMA,CNN,GRAD,False,,,,,,
243,3.0695169987514768,0.07329994230736647,,,SimulatedTrainingData_Moving_SmallMiddle_NARMA_F_1_TS_50.npy,SmallMiddle,NARMA,CNN,FO,True,,,,,,
244,3.067723899275089,0.07686432094286985,,,SimulatedTrainingData_Moving_SmallMiddle_NARMA_F_1_TS_50.npy,SmallMiddle,NARMA,CNN,FA,True,,,,,,
245,3.1766517826559415,0.042420508060835485,,,SimulatedTrainingData_Moving_SmallMiddle_NARMA_F_1_TS_50.npy,SmallMiddle,NARMA,CNN,SG,True,,,,,,
246,3.0701478964703623,0.0663293999596944,,,SimulatedTrainingData_Moving_SmallMiddle_NARMA_F_1_TS_50.npy,SmallMiddle,NARMA,CNN,DLS,True,,,,,,
247,3.0740656690060364,0.06420350551944944,,,SimulatedTrainingData_Moving_SmallMiddle_NARMA_F_1_TS_50.npy,SmallMiddle,NARMA,CNN,DL,True,,,,,,
248,3.171061543210128,0.03533403031969735,,,SimulatedTrainingData_Moving_SmallMiddle_NARMA_F_1_TS_50.npy,SmallMiddle,NARMA,CNN,GS,True,,,,,,
249,3.147817540545489,0.04826696771505045,,,SimulatedTrainingData_Moving_SmallMiddle_NARMA_F_1_TS_50.npy,SmallMiddle,NARMA,CNN,GRAD,True,,,,,,
250,1.6094379124341003,2.278129578503827e-16,,,SimulatedTrainingData_Moving_SmallMiddle_NARMA_F_1_TS_50.npy,SmallMiddle,NARMA,CNN,,,1000,random,uniform,SHAP,10,1
251,1.6094379124341003,2.278129578503827e-16,,,SimulatedTrainingData_Moving_SmallMiddle_NARMA_F_1_TS_50.npy,SmallMiddle,NARMA,CNN,,,1000,random,uniform,Lime,10,1
252,3.7597576774914865,0.03242041610480465,mutate_both,100,SimulatedTrainingData_Moving_SmallMiddle_Harmonic_F_1_TS_50.npy,SmallMiddle,Harmonic,CNN,,,,,,,,
253,3.764685311291464,0.03214660141940574,authentic_opposing_information,100,SimulatedTrainingData_Moving_SmallMiddle_Harmonic_F_1_TS_50.npy,SmallMiddle,Harmonic,CNN,,,,,,,,
254,3.3232652943833854,0.11025563560132416,,,SimulatedTrainingData_Moving_SmallMiddle_Harmonic_F_1_TS_50.npy,SmallMiddle,Harmonic,CNN,FO,False,,,,,,
255,3.3917198600319316,0.11576174911456796,,,SimulatedTrainingData_Moving_SmallMiddle_Harmonic_F_1_TS_50.npy,SmallMiddle,Harmonic,CNN,FA,False,,,,,,
256,3.6490016305259703,0.07595128075957944,,,SimulatedTrainingData_Moving_SmallMiddle_Harmonic_F_1_TS_50.npy,SmallMiddle,Harmonic,CNN,SG,False,,,,,,
257,3.4290005169435083,0.07390861015443,,,SimulatedTrainingData_Moving_SmallMiddle_Harmonic_F_1_TS_50.npy,SmallMiddle,Harmonic,CNN,DLS,False,,,,,,
258,3.2583441074157085,0.13453039669001007,,,SimulatedTrainingData_Moving_SmallMiddle_Harmonic_F_1_TS_50.npy,SmallMiddle,Harmonic,CNN,DL,False,,,,,,
259,3.4560064954312493,0.08892081007860647,,,SimulatedTrainingData_Moving_SmallMiddle_Harmonic_F_1_TS_50.npy,SmallMiddle,Harmonic,CNN,GS,False,,,,,,
260,3.4273269173365977,0.11586683812984575,,,SimulatedTrainingData_Moving_SmallMiddle_Harmonic_F_1_TS_50.npy,SmallMiddle,Harmonic,CNN,GRAD,False,,,,,,
261,3.0698274971926343,0.07334241422105035,,,SimulatedTrainingData_Moving_SmallMiddle_Harmonic_F_1_TS_50.npy,SmallMiddle,Harmonic,CNN,FO,True,,,,,,
262,3.076037612235046,0.06722007052913823,,,SimulatedTrainingData_Moving_SmallMiddle_Harmonic_F_1_TS_50.npy,SmallMiddle,Harmonic,CNN,FA,True,,,,,,
263,3.148402269100793,0.045835756359876995,,,SimulatedTrainingData_Moving_SmallMiddle_Harmonic_F_1_TS_50.npy,SmallMiddle,Harmonic,CNN,SG,True,,,,,,
264,3.072615733426905,0.06389724672816269,,,SimulatedTrainingData_Moving_SmallMiddle_Harmonic_F_1_TS_50.npy,SmallMiddle,Harmonic,CNN,DLS,True,,,,,,
265,3.077628309549474,0.05944546789378388,,,SimulatedTrainingData_Moving_SmallMiddle_Harmonic_F_1_TS_50.npy,SmallMiddle,Harmonic,CNN,DL,True,,,,,,
266,3.1795903085070605,0.03663988120754991,,,SimulatedTrainingData_Moving_SmallMiddle_Harmonic_F_1_TS_50.npy,SmallMiddle,Harmonic,CNN,GS,True,,,,,,
267,3.125722155777229,0.06259535518363311,,,SimulatedTrainingData_Moving_SmallMiddle_Harmonic_F_1_TS_50.npy,SmallMiddle,Harmonic,CNN,GRAD,True,,,,,,
268,1.6094379124341003,2.278129578503827e-16,,,SimulatedTrainingData_Moving_SmallMiddle_Harmonic_F_1_TS_50.npy,SmallMiddle,Harmonic,CNN,,,1000,random,uniform,SHAP,10,1
269,1.6094379124341003,2.278129578503827e-16,,,SimulatedTrainingData_Moving_SmallMiddle_Harmonic_F_1_TS_50.npy,SmallMiddle,Harmonic,CNN,,,1000,random,uniform,Lime,10,1
270,3.8096780963427266,0.023118731572633534,mutate_both,100,SimulatedTrainingData_Moving_RareTime_PseudoPeriodic_F_1_TS_50.npy,RareTime,PseudoPeriodic,CNN,,,,,,,,
271,3.8107641950997584,0.021988425252507156,authentic_opposing_information,100,SimulatedTrainingData_Moving_RareTime_PseudoPeriodic_F_1_TS_50.npy,RareTime,PseudoPeriodic,CNN,,,,,,,,
272,3.298524759211106,0.12202596800901874,,,SimulatedTrainingData_Moving_RareTime_PseudoPeriodic_F_1_TS_50.npy,RareTime,PseudoPeriodic,CNN,FO,False,,,,,,
273,3.422650609890442,0.09344478503860029,,,SimulatedTrainingData_Moving_RareTime_PseudoPeriodic_F_1_TS_50.npy,RareTime,PseudoPeriodic,CNN,FA,False,,,,,,
274,3.681596288504764,0.06666016475741468,,,SimulatedTrainingData_Moving_RareTime_PseudoPeriodic_F_1_TS_50.npy,RareTime,PseudoPeriodic,CNN,SG,False,,,,,,
275,3.4197465820389312,0.11066239243962228,,,SimulatedTrainingData_Moving_RareTime_PseudoPeriodic_F_1_TS_50.npy,RareTime,PseudoPeriodic,CNN,DLS,False,,,,,,
276,3.1931237074467047,0.19147826751474362,,,SimulatedTrainingData_Moving_RareTime_PseudoPeriodic_F_1_TS_50.npy,RareTime,PseudoPeriodic,CNN,DL,False,,,,,,
277,3.421570550034126,0.15258590722208798,,,SimulatedTrainingData_Moving_RareTime_PseudoPeriodic_F_1_TS_50.npy,RareTime,PseudoPeriodic,CNN,GS,False,,,,,,
278,3.4378905273370606,0.10784983944689112,,,SimulatedTrainingData_Moving_RareTime_PseudoPeriodic_F_1_TS_50.npy,RareTime,PseudoPeriodic,CNN,GRAD,False,,,,,,
279,3.0616110899775033,0.061762081499904926,,,SimulatedTrainingData_Moving_RareTime_PseudoPeriodic_F_1_TS_50.npy,RareTime,PseudoPeriodic,CNN,FO,True,,,,,,
280,3.0553547057795,0.06748868481346046,,,SimulatedTrainingData_Moving_RareTime_PseudoPeriodic_F_1_TS_50.npy,RareTime,PseudoPeriodic,CNN,FA,True,,,,,,
281,3.162956698099201,0.03327552258527563,,,SimulatedTrainingData_Moving_RareTime_PseudoPeriodic_F_1_TS_50.npy,RareTime,PseudoPeriodic,CNN,SG,True,,,,,,
282,3.0640211914604256,0.06267972278096524,,,SimulatedTrainingData_Moving_RareTime_PseudoPeriodic_F_1_TS_50.npy,RareTime,PseudoPeriodic,CNN,DLS,True,,,,,,
283,3.0235382717751973,0.0773960375825407,,,SimulatedTrainingData_Moving_RareTime_PseudoPeriodic_F_1_TS_50.npy,RareTime,PseudoPeriodic,CNN,DL,True,,,,,,
284,3.18139689878407,0.03219650621536403,,,SimulatedTrainingData_Moving_RareTime_PseudoPeriodic_F_1_TS_50.npy,RareTime,PseudoPeriodic,CNN,GS,True,,,,,,
285,3.1204830024787844,0.05957301839864535,,,SimulatedTrainingData_Moving_RareTime_PseudoPeriodic_F_1_TS_50.npy,RareTime,PseudoPeriodic,CNN,GRAD,True,,,,,,
286,1.6094379124341003,2.278129578503827e-16,,,SimulatedTrainingData_Moving_RareTime_PseudoPeriodic_F_1_TS_50.npy,RareTime,PseudoPeriodic,CNN,,,1000,random,uniform,SHAP,10,1
287,1.6094379124341003,2.278129578503827e-16,,,SimulatedTrainingData_Moving_RareTime_PseudoPeriodic_F_1_TS_50.npy,RareTime,PseudoPeriodic,CNN,,,1000,random,uniform,Lime,10,1
288,3.712923042473039,0.05000041299504676,mutate_both,100,SimulatedTrainingData_Moving_RareTime_Harmonic_F_1_TS_50.npy,RareTime,Harmonic,LSTM,,,,,,,,
289,3.6998409510564008,0.049796784217226074,authentic_opposing_information,100,SimulatedTrainingData_Moving_RareTime_Harmonic_F_1_TS_50.npy,RareTime,Harmonic,LSTM,,,,,,,,
290,3.212231318498877,0.22938425245500782,,,SimulatedTrainingData_Moving_RareTime_Harmonic_F_1_TS_50.npy,RareTime,Harmonic,LSTM,FO,False,,,,,,
291,3.3105266821140296,0.2934022910411435,,,SimulatedTrainingData_Moving_RareTime_Harmonic_F_1_TS_50.npy,RareTime,Harmonic,LSTM,FA,False,,,,,,
292,2.7727014569011446,0.21938903162173234,,,SimulatedTrainingData_Moving_RareTime_Harmonic_F_1_TS_50.npy,RareTime,Harmonic,LSTM,SG,False,,,,,,
293,3.2546419378777403,0.27333211076245806,,,SimulatedTrainingData_Moving_RareTime_Harmonic_F_1_TS_50.npy,RareTime,Harmonic,LSTM,DLS,False,,,,,,
294,3.245753558772043,0.26365555025294485,,,SimulatedTrainingData_Moving_RareTime_Harmonic_F_1_TS_50.npy,RareTime,Harmonic,LSTM,DL,False,,,,,,
295,3.3801924678533815,0.16376304027907948,,,SimulatedTrainingData_Moving_RareTime_Harmonic_F_1_TS_50.npy,RareTime,Harmonic,LSTM,GS,False,,,,,,
296,3.444531973918688,0.24944214440833903,,,SimulatedTrainingData_Moving_RareTime_Harmonic_F_1_TS_50.npy,RareTime,Harmonic,LSTM,GRAD,False,,,,,,
297,3.0520486418571773,0.06259845096033705,,,SimulatedTrainingData_Moving_RareTime_Harmonic_F_1_TS_50.npy,RareTime,Harmonic,LSTM,FO,True,,,,,,
298,3.0564047612063243,0.061884606778983595,,,SimulatedTrainingData_Moving_RareTime_Harmonic_F_1_TS_50.npy,RareTime,Harmonic,LSTM,FA,True,,,,,,
299,3.148225494603702,0.03439301160823773,,,SimulatedTrainingData_Moving_RareTime_Harmonic_F_1_TS_50.npy,RareTime,Harmonic,LSTM,SG,True,,,,,,
300,3.0393698397970437,0.06634338861064368,,,SimulatedTrainingData_Moving_RareTime_Harmonic_F_1_TS_50.npy,RareTime,Harmonic,LSTM,DLS,True,,,,,,
301,3.0373200434007273,0.06307314785309673,,,SimulatedTrainingData_Moving_RareTime_Harmonic_F_1_TS_50.npy,RareTime,Harmonic,LSTM,DL,True,,,,,,
302,3.1626423874970633,0.04441459997494767,,,SimulatedTrainingData_Moving_RareTime_Harmonic_F_1_TS_50.npy,RareTime,Harmonic,LSTM,GS,True,,,,,,
303,3.0397578478659133,0.06370256801563624,,,SimulatedTrainingData_Moving_RareTime_Harmonic_F_1_TS_50.npy,RareTime,Harmonic,LSTM,GRAD,True,,,,,,
304,1.6094379124341003,2.278129578503827e-16,,,SimulatedTrainingData_Moving_RareTime_Harmonic_F_1_TS_50.npy,RareTime,Harmonic,LSTM,,,1000,random,uniform,SHAP,10,1
305,1.6094379124341003,2.278129578503827e-16,,,SimulatedTrainingData_Moving_RareTime_Harmonic_F_1_TS_50.npy,RareTime,Harmonic,LSTM,,,1000,random,uniform,Lime,10,1
306,3.769757653307655,0.029826715873129538,mutate_both,100,SimulatedTrainingData_Moving_RareTime_Harmonic_F_1_TS_50.npy,RareTime,Harmonic,CNN,,,,,,,,
307,3.768940713116522,0.032018672051045374,authentic_opposing_information,100,SimulatedTrainingData_Moving_RareTime_Harmonic_F_1_TS_50.npy,RareTime,Harmonic,CNN,,,,,,,,
308,3.3442433350752774,0.1213011248079141,,,SimulatedTrainingData_Moving_RareTime_Harmonic_F_1_TS_50.npy,RareTime,Harmonic,CNN,FO,False,,,,,,
309,3.503821945063622,0.06828042406978684,,,SimulatedTrainingData_Moving_RareTime_Harmonic_F_1_TS_50.npy,RareTime,Harmonic,CNN,FA,False,,,,,,
310,3.722147054371804,0.03885796462090453,,,SimulatedTrainingData_Moving_RareTime_Harmonic_F_1_TS_50.npy,RareTime,Harmonic,CNN,SG,False,,,,,,
311,3.4867786400228185,0.058465649573219404,,,SimulatedTrainingData_Moving_RareTime_Harmonic_F_1_TS_50.npy,RareTime,Harmonic,CNN,DLS,False,,,,,,
312,3.286994397384589,0.08884124938288747,,,SimulatedTrainingData_Moving_RareTime_Harmonic_F_1_TS_50.npy,RareTime,Harmonic,CNN,DL,False,,,,,,
313,3.4713216744209667,0.08011364794060345,,,SimulatedTrainingData_Moving_RareTime_Harmonic_F_1_TS_50.npy,RareTime,Harmonic,CNN,GS,False,,,,,,
314,3.510149552375549,0.1123455268614472,,,SimulatedTrainingData_Moving_RareTime_Harmonic_F_1_TS_50.npy,RareTime,Harmonic,CNN,GRAD,False,,,,,,
315,3.0905531901232384,0.048460838876039074,,,SimulatedTrainingData_Moving_RareTime_Harmonic_F_1_TS_50.npy,RareTime,Harmonic,CNN,FO,True,,,,,,
316,3.0878166977343655,0.05416813308489501,,,SimulatedTrainingData_Moving_RareTime_Harmonic_F_1_TS_50.npy,RareTime,Harmonic,CNN,FA,True,,,,,,
317,3.1702214679504324,0.041724913954695915,,,SimulatedTrainingData_Moving_RareTime_Harmonic_F_1_TS_50.npy,RareTime,Harmonic,CNN,SG,True,,,,,,
318,3.0766778886744053,0.05616112711352467,,,SimulatedTrainingData_Moving_RareTime_Harmonic_F_1_TS_50.npy,RareTime,Harmonic,CNN,DLS,True,,,,,,
319,3.0750001701770615,0.06222268549065165,,,SimulatedTrainingData_Moving_RareTime_Harmonic_F_1_TS_50.npy,RareTime,Harmonic,CNN,DL,True,,,,,,
320,3.1529025033706537,0.05816394842030477,,,SimulatedTrainingData_Moving_RareTime_Harmonic_F_1_TS_50.npy,RareTime,Harmonic,CNN,GS,True,,,,,,
321,3.1539398009398667,0.035057740875078444,,,SimulatedTrainingData_Moving_RareTime_Harmonic_F_1_TS_50.npy,RareTime,Harmonic,CNN,GRAD,True,,,,,,
322,1.6094379124341003,2.278129578503827e-16,,,SimulatedTrainingData_Moving_RareTime_Harmonic_F_1_TS_50.npy,RareTime,Harmonic,CNN,,,1000,random,uniform,SHAP,10,1
323,1.6094379124341003,2.278129578503827e-16,,,SimulatedTrainingData_Moving_RareTime_Harmonic_F_1_TS_50.npy,RareTime,Harmonic,CNN,,,1000,random,uniform,Lime,10,1
324,3.8118449492689117,0.030378543643624096,mutate_both,100,SimulatedTrainingData_Moving_RareTime_Box_F_1_TS_50.npy,RareTime,Box,CNN,,,,,,,,
325,3.8190908428213732,0.02810043084978841,authentic_opposing_information,100,SimulatedTrainingData_Moving_RareTime_Box_F_1_TS_50.npy,RareTime,Box,CNN,,,,,,,,
326,3.2829450196157035,0.14314334693017394,,,SimulatedTrainingData_Moving_RareTime_Box_F_1_TS_50.npy,RareTime,Box,CNN,FO,False,,,,,,
327,3.397855791314182,0.11962626056460099,,,SimulatedTrainingData_Moving_RareTime_Box_F_1_TS_50.npy,RareTime,Box,CNN,FA,False,,,,,,
328,3.6727328581897445,0.05978927731408112,,,SimulatedTrainingData_Moving_RareTime_Box_F_1_TS_50.npy,RareTime,Box,CNN,SG,False,,,,,,
329,3.4511958208529547,0.09295685791365331,,,SimulatedTrainingData_Moving_RareTime_Box_F_1_TS_50.npy,RareTime,Box,CNN,DLS,False,,,,,,
330,3.268931359829869,0.14082151720407657,,,SimulatedTrainingData_Moving_RareTime_Box_F_1_TS_50.npy,RareTime,Box,CNN,DL,False,,,,,,
331,3.42492560021834,0.10481304256707032,,,SimulatedTrainingData_Moving_RareTime_Box_F_1_TS_50.npy,RareTime,Box,CNN,GS,False,,,,,,
332,3.469968844829154,0.11051403992844297,,,SimulatedTrainingData_Moving_RareTime_Box_F_1_TS_50.npy,RareTime,Box,CNN,GRAD,False,,,,,,
333,3.051996045553551,0.06545522596400258,,,SimulatedTrainingData_Moving_RareTime_Box_F_1_TS_50.npy,RareTime,Box,CNN,FO,True,,,,,,
334,3.0496860766776726,0.0741202633785363,,,SimulatedTrainingData_Moving_RareTime_Box_F_1_TS_50.npy,RareTime,Box,CNN,FA,True,,,,,,
335,3.16260413571223,0.0439243181153754,,,SimulatedTrainingData_Moving_RareTime_Box_F_1_TS_50.npy,RareTime,Box,CNN,SG,True,,,,,,
336,3.0503666191929537,0.06285078559961278,,,SimulatedTrainingData_Moving_RareTime_Box_F_1_TS_50.npy,RareTime,Box,CNN,DLS,True,,,,,,
337,3.032572272240846,0.06384627641701844,,,SimulatedTrainingData_Moving_RareTime_Box_F_1_TS_50.npy,RareTime,Box,CNN,DL,True,,,,,,
338,3.167002200030557,0.048764962562603306,,,SimulatedTrainingData_Moving_RareTime_Box_F_1_TS_50.npy,RareTime,Box,CNN,GS,True,,,,,,
339,3.123499510685312,0.038711308183773725,,,SimulatedTrainingData_Moving_RareTime_Box_F_1_TS_50.npy,RareTime,Box,CNN,GRAD,True,,,,,,
340,1.6094379124341003,2.278129578503827e-16,,,SimulatedTrainingData_Moving_RareTime_Box_F_1_TS_50.npy,RareTime,Box,CNN,,,1000,random,uniform,SHAP,10,1
341,1.6094379124341003,2.278129578503827e-16,,,SimulatedTrainingData_Moving_RareTime_Box_F_1_TS_50.npy,RareTime,Box,CNN,,,1000,random,uniform,Lime,10,1
342,3.7017872079469667,0.03154570391569836,mutate_both,100,SimulatedTrainingData_Moving_RareFeature_Harmonic_F_1_TS_50.npy,RareFeature,Harmonic,LSTM,,,,,,,,
343,3.6932142811678452,0.0489465088103977,authentic_opposing_information,100,SimulatedTrainingData_Moving_RareFeature_Harmonic_F_1_TS_50.npy,RareFeature,Harmonic,LSTM,,,,,,,,
344,1.0603764988479898,0.548442220420006,,,SimulatedTrainingData_Moving_RareFeature_Harmonic_F_1_TS_50.npy,RareFeature,Harmonic,LSTM,FO,False,,,,,,
345,0.7733812227642114,0.46119418691354763,,,SimulatedTrainingData_Moving_RareFeature_Harmonic_F_1_TS_50.npy,RareFeature,Harmonic,LSTM,FA,False,,,,,,
346,3.0120828700808127,0.3597384317766271,,,SimulatedTrainingData_Moving_RareFeature_Harmonic_F_1_TS_50.npy,RareFeature,Harmonic,LSTM,SG,False,,,,,,
347,0.9314897396352835,0.4446930549264025,,,SimulatedTrainingData_Moving_RareFeature_Harmonic_F_1_TS_50.npy,RareFeature,Harmonic,LSTM,DLS,False,,,,,,
348,0.9099106378880004,0.5189455229368464,,,SimulatedTrainingData_Moving_RareFeature_Harmonic_F_1_TS_50.npy,RareFeature,Harmonic,LSTM,DL,False,,,,,,
349,1.0986889852681194,0.3701802627560997,,,SimulatedTrainingData_Moving_RareFeature_Harmonic_F_1_TS_50.npy,RareFeature,Harmonic,LSTM,GS,False,,,,,,
350,0.8895829465781903,0.33965440766382954,,,SimulatedTrainingData_Moving_RareFeature_Harmonic_F_1_TS_50.npy,RareFeature,Harmonic,LSTM,GRAD,False,,,,,,
351,2.8688379733102254,0.18713233656732325,,,SimulatedTrainingData_Moving_RareFeature_Harmonic_F_1_TS_50.npy,RareFeature,Harmonic,LSTM,FO,True,,,,,,
352,2.8724074605847294,0.2232795640348638,,,SimulatedTrainingData_Moving_RareFeature_Harmonic_F_1_TS_50.npy,RareFeature,Harmonic,LSTM,FA,True,,,,,,
353,3.13805174331004,0.05918652966233388,,,SimulatedTrainingData_Moving_RareFeature_Harmonic_F_1_TS_50.npy,RareFeature,Harmonic,LSTM,SG,True,,,,,,
354,2.772382282547069,0.2356196629351531,,,SimulatedTrainingData_Moving_RareFeature_Harmonic_F_1_TS_50.npy,RareFeature,Harmonic,LSTM,DLS,True,,,,,,
355,2.7693087299005343,0.23275183648098613,,,SimulatedTrainingData_Moving_RareFeature_Harmonic_F_1_TS_50.npy,RareFeature,Harmonic,LSTM,DL,True,,,,,,
356,3.1394879065845753,0.046911728725677414,,,SimulatedTrainingData_Moving_RareFeature_Harmonic_F_1_TS_50.npy,RareFeature,Harmonic,LSTM,GS,True,,,,,,
357,2.7764991362713567,0.22872753765455447,,,SimulatedTrainingData_Moving_RareFeature_Harmonic_F_1_TS_50.npy,RareFeature,Harmonic,LSTM,GRAD,True,,,,,,
358,1.6094379124341003,2.278129578503827e-16,,,SimulatedTrainingData_Moving_RareFeature_Harmonic_F_1_TS_50.npy,RareFeature,Harmonic,LSTM,,,1000,random,uniform,SHAP,10,1
359,1.6094379124341003,2.278129578503827e-16,,,SimulatedTrainingData_Moving_RareFeature_Harmonic_F_1_TS_50.npy,RareFeature,Harmonic,LSTM,,,1000,random,uniform,Lime,10,1
360,3.8226198227944543,0.02409344271854014,mutate_both,100,SimulatedTrainingData_Moving_RareFeature_CAR_F_1_TS_50.npy,RareFeature,CAR,CNN,,,,,,,,
361,3.8197833605630565,0.019316891917615767,authentic_opposing_information,100,SimulatedTrainingData_Moving_RareFeature_CAR_F_1_TS_50.npy,RareFeature,CAR,CNN,,,,,,,,
362,3.397584280207396,0.09180350300077927,,,SimulatedTrainingData_Moving_RareFeature_CAR_F_1_TS_50.npy,RareFeature,CAR,CNN,FO,False,,,,,,
363,3.524757086298286,0.07395515568130193,,,SimulatedTrainingData_Moving_RareFeature_CAR_F_1_TS_50.npy,RareFeature,CAR,CNN,FA,False,,,,,,
364,3.715457363953103,0.04388849254394255,,,SimulatedTrainingData_Moving_RareFeature_CAR_F_1_TS_50.npy,RareFeature,CAR,CNN,SG,False,,,,,,
365,3.4834579957904594,0.06314151712361839,,,SimulatedTrainingData_Moving_RareFeature_CAR_F_1_TS_50.npy,RareFeature,CAR,CNN,DLS,False,,,,,,
366,3.2836622950651653,0.10202507145658543,,,SimulatedTrainingData_Moving_RareFeature_CAR_F_1_TS_50.npy,RareFeature,CAR,CNN,DL,False,,,,,,
367,3.469853853879507,0.12830371069407948,,,SimulatedTrainingData_Moving_RareFeature_CAR_F_1_TS_50.npy,RareFeature,CAR,CNN,GS,False,,,,,,
368,3.515443848174344,0.0782622310703988,,,SimulatedTrainingData_Moving_RareFeature_CAR_F_1_TS_50.npy,RareFeature,CAR,CNN,GRAD,False,,,,,,
369,3.079348482228628,0.0701399447032075,,,SimulatedTrainingData_Moving_RareFeature_CAR_F_1_TS_50.npy,RareFeature,CAR,CNN,FO,True,,,,,,
370,3.0748815344029348,0.06869418450564706,,,SimulatedTrainingData_Moving_RareFeature_CAR_F_1_TS_50.npy,RareFeature,CAR,CNN,FA,True,,,,,,
371,3.1855453852626034,0.027762862621491968,,,SimulatedTrainingData_Moving_RareFeature_CAR_F_1_TS_50.npy,RareFeature,CAR,CNN,SG,True,,,,,,
372,3.0772766868894736,0.07332803620929215,,,SimulatedTrainingData_Moving_RareFeature_CAR_F_1_TS_50.npy,RareFeature,CAR,CNN,DLS,True,,,,,,
373,3.0670481775842715,0.06674106797603516,,,SimulatedTrainingData_Moving_RareFeature_CAR_F_1_TS_50.npy,RareFeature,CAR,CNN,DL,True,,,,,,
374,3.159322068201818,0.030222462155761128,,,SimulatedTrainingData_Moving_RareFeature_CAR_F_1_TS_50.npy,RareFeature,CAR,CNN,GS,True,,,,,,
375,3.1502761287566425,0.04285143080706197,,,SimulatedTrainingData_Moving_RareFeature_CAR_F_1_TS_50.npy,RareFeature,CAR,CNN,GRAD,True,,,,,,
376,1.6094379124341003,2.278129578503827e-16,,,SimulatedTrainingData_Moving_RareFeature_CAR_F_1_TS_50.npy,RareFeature,CAR,CNN,,,1000,random,uniform,SHAP,10,1
377,1.6094379124341003,2.278129578503827e-16,,,SimulatedTrainingData_Moving_RareFeature_CAR_F_1_TS_50.npy,RareFeature,CAR,CNN,,,1000,random,uniform,Lime,10,1
378,3.8240421457859326,0.012419239009400245,mutate_both,100,SimulatedTrainingData_Moving_RareFeature_Box_F_1_TS_50.npy,RareFeature,Box,CNN,,,,,,,,
379,3.822552304110386,0.016900802462088523,authentic_opposing_information,100,SimulatedTrainingData_Moving_RareFeature_Box_F_1_TS_50.npy,RareFeature,Box,CNN,,,,,,,,
380,3.2573462198258674,0.1972476344990477,,,SimulatedTrainingData_Moving_RareFeature_Box_F_1_TS_50.npy,RareFeature,Box,CNN,FO,False,,,,,,
381,3.3603702073327155,0.183201435833849,,,SimulatedTrainingData_Moving_RareFeature_Box_F_1_TS_50.npy,RareFeature,Box,CNN,FA,False,,,,,,
382,3.6872387587574496,0.04079930315472817,,,SimulatedTrainingData_Moving_RareFeature_Box_F_1_TS_50.npy,RareFeature,Box,CNN,SG,False,,,,,,
383,3.382070598063213,0.10784327963516648,,,SimulatedTrainingData_Moving_RareFeature_Box_F_1_TS_50.npy,RareFeature,Box,CNN,DLS,False,,,,,,
384,3.097417093641487,0.2108946348506454,,,SimulatedTrainingData_Moving_RareFeature_Box_F_1_TS_50.npy,RareFeature,Box,CNN,DL,False,,,,,,
385,3.4206742435198882,0.12491377470153428,,,SimulatedTrainingData_Moving_RareFeature_Box_F_1_TS_50.npy,RareFeature,Box,CNN,GS,False,,,,,,
386,3.3571206568970817,0.14303487402304632,,,SimulatedTrainingData_Moving_RareFeature_Box_F_1_TS_50.npy,RareFeature,Box,CNN,GRAD,False,,,,,,
387,3.0701261461468254,0.06839960076697921,,,SimulatedTrainingData_Moving_RareFeature_Box_F_1_TS_50.npy,RareFeature,Box,CNN,FO,True,,,,,,
388,3.072476556212032,0.06530234724517826,,,SimulatedTrainingData_Moving_RareFeature_Box_F_1_TS_50.npy,RareFeature,Box,CNN,FA,True,,,,,,
389,3.169937478045534,0.0371345858280237,,,SimulatedTrainingData_Moving_RareFeature_Box_F_1_TS_50.npy,RareFeature,Box,CNN,SG,True,,,,,,
390,3.0620313651041533,0.0546123202044803,,,SimulatedTrainingData_Moving_RareFeature_Box_F_1_TS_50.npy,RareFeature,Box,CNN,DLS,True,,,,,,
391,3.0161989875065354,0.09567747741485878,,,SimulatedTrainingData_Moving_RareFeature_Box_F_1_TS_50.npy,RareFeature,Box,CNN,DL,True,,,,,,
392,3.1644487952530236,0.04878078185717107,,,SimulatedTrainingData_Moving_RareFeature_Box_F_1_TS_50.npy,RareFeature,Box,CNN,GS,True,,,,,,
393,3.094610299402857,0.08448025633930845,,,SimulatedTrainingData_Moving_RareFeature_Box_F_1_TS_50.npy,RareFeature,Box,CNN,GRAD,True,,,,,,
394,1.6094379124341003,2.278129578503827e-16,,,SimulatedTrainingData_Moving_RareFeature_Box_F_1_TS_50.npy,RareFeature,Box,CNN,,,1000,random,uniform,SHAP,10,1
395,1.6094379124341003,2.278129578503827e-16,,,SimulatedTrainingData_Moving_RareFeature_Box_F_1_TS_50.npy,RareFeature,Box,CNN,,,1000,random,uniform,Lime,10,1
396,3.698846698213643,0.039205233349599154,mutate_both,100,SimulatedTrainingData_Moving_Middle_Harmonic_F_1_TS_50.npy,Middle,Harmonic,LSTM,,,,,,,,
397,3.6992022826599915,0.03458329360250696,authentic_opposing_information,100,SimulatedTrainingData_Moving_Middle_Harmonic_F_1_TS_50.npy,Middle,Harmonic,LSTM,,,,,,,,
398,1.1272700263064368,0.3738575585689997,,,SimulatedTrainingData_Moving_Middle_Harmonic_F_1_TS_50.npy,Middle,Harmonic,LSTM,FO,False,,,,,,
399,1.194393734294402,0.3347077987448637,,,SimulatedTrainingData_Moving_Middle_Harmonic_F_1_TS_50.npy,Middle,Harmonic,LSTM,FA,False,,,,,,
400,1.5518634390326878,0.13541178449083446,,,SimulatedTrainingData_Moving_Middle_Harmonic_F_1_TS_50.npy,Middle,Harmonic,LSTM,SG,False,,,,,,
401,1.1725197983582412,0.3207531690378244,,,SimulatedTrainingData_Moving_Middle_Harmonic_F_1_TS_50.npy,Middle,Harmonic,LSTM,DLS,False,,,,,,
402,1.1868439514786973,0.32014411351951383,,,SimulatedTrainingData_Moving_Middle_Harmonic_F_1_TS_50.npy,Middle,Harmonic,LSTM,DL,False,,,,,,
403,1.3203500646568447,0.23182551690221762,,,SimulatedTrainingData_Moving_Middle_Harmonic_F_1_TS_50.npy,Middle,Harmonic,LSTM,GS,False,,,,,,
404,1.401785547840843,0.17578623950635586,,,SimulatedTrainingData_Moving_Middle_Harmonic_F_1_TS_50.npy,Middle,Harmonic,LSTM,GRAD,False,,,,,,
405,2.8485015939275184,0.16492305955183698,,,SimulatedTrainingData_Moving_Middle_Harmonic_F_1_TS_50.npy,Middle,Harmonic,LSTM,FO,True,,,,,,
406,2.8292647207029873,0.1599166183965958,,,SimulatedTrainingData_Moving_Middle_Harmonic_F_1_TS_50.npy,Middle,Harmonic,LSTM,FA,True,,,,,,
407,3.1503427025775914,0.028262690812247082,,,SimulatedTrainingData_Moving_Middle_Harmonic_F_1_TS_50.npy,Middle,Harmonic,LSTM,SG,True,,,,,,
408,1.9765348113825478,0.2815020694188893,,,SimulatedTrainingData_Moving_Middle_Harmonic_F_1_TS_50.npy,Middle,Harmonic,LSTM,DLS,True,,,,,,
409,1.9691803520295772,0.19451705769139158,,,SimulatedTrainingData_Moving_Middle_Harmonic_F_1_TS_50.npy,Middle,Harmonic,LSTM,DL,True,,,,,,
410,3.1435649277195017,0.052501965814569014,,,SimulatedTrainingData_Moving_Middle_Harmonic_F_1_TS_50.npy,Middle,Harmonic,LSTM,GS,True,,,,,,
411,1.9553283024928507,0.22089419803252464,,,SimulatedTrainingData_Moving_Middle_Harmonic_F_1_TS_50.npy,Middle,Harmonic,LSTM,GRAD,True,,,,,,
412,1.6094379124341003,2.278129578503827e-16,,,SimulatedTrainingData_Moving_Middle_Harmonic_F_1_TS_50.npy,Middle,Harmonic,LSTM,,,1000,random,uniform,SHAP,10,1
413,1.6094379124341003,2.278129578503827e-16,,,SimulatedTrainingData_Moving_Middle_Harmonic_F_1_TS_50.npy,Middle,Harmonic,LSTM,,,1000,random,uniform,Lime,10,1
414,3.7747841236351065,0.02403599905090464,mutate_both,100,SimulatedTrainingData_Moving_Middle_Harmonic_F_1_TS_50.npy,Middle,Harmonic,CNN,,,,,,,,
415,3.7723481960775658,0.033493180157908274,authentic_opposing_information,100,SimulatedTrainingData_Moving_Middle_Harmonic_F_1_TS_50.npy,Middle,Harmonic,CNN,,,,,,,,
416,3.3177700729318715,0.1015312418169138,,,SimulatedTrainingData_Moving_Middle_Harmonic_F_1_TS_50.npy,Middle,Harmonic,CNN,FO,False,,,,,,
417,3.459139405901888,0.1110272517016894,,,SimulatedTrainingData_Moving_Middle_Harmonic_F_1_TS_50.npy,Middle,Harmonic,CNN,FA,False,,,,,,
418,3.7222051560910385,0.047922605955793576,,,SimulatedTrainingData_Moving_Middle_Harmonic_F_1_TS_50.npy,Middle,Harmonic,CNN,SG,False,,,,,,
419,3.4588378771049753,0.09192633222390592,,,SimulatedTrainingData_Moving_Middle_Harmonic_F_1_TS_50.npy,Middle,Harmonic,CNN,DLS,False,,,,,,
420,3.2604926510350465,0.12274654635795473,,,SimulatedTrainingData_Moving_Middle_Harmonic_F_1_TS_50.npy,Middle,Harmonic,CNN,DL,False,,,,,,
421,3.4977485690721424,0.10516356887674363,,,SimulatedTrainingData_Moving_Middle_Harmonic_F_1_TS_50.npy,Middle,Harmonic,CNN,GS,False,,,,,,
422,3.4901459191630173,0.08652873472606849,,,SimulatedTrainingData_Moving_Middle_Harmonic_F_1_TS_50.npy,Middle,Harmonic,CNN,GRAD,False,,,,,,
423,3.046834201087315,0.07380319763995276,,,SimulatedTrainingData_Moving_Middle_Harmonic_F_1_TS_50.npy,Middle,Harmonic,CNN,FO,True,,,,,,
424,3.04419284653088,0.07401382343517585,,,SimulatedTrainingData_Moving_Middle_Harmonic_F_1_TS_50.npy,Middle,Harmonic,CNN,FA,True,,,,,,
425,3.191686690141631,0.03254901623898179,,,SimulatedTrainingData_Moving_Middle_Harmonic_F_1_TS_50.npy,Middle,Harmonic,CNN,SG,True,,,,,,
426,3.039726488030742,0.08082012840801818,,,SimulatedTrainingData_Moving_Middle_Harmonic_F_1_TS_50.npy,Middle,Harmonic,CNN,DLS,True,,,,,,
427,3.0393250296220455,0.08631684399819971,,,SimulatedTrainingData_Moving_Middle_Harmonic_F_1_TS_50.npy,Middle,Harmonic,CNN,DL,True,,,,,,
428,3.183051681154678,0.030770614701655572,,,SimulatedTrainingData_Moving_Middle_Harmonic_F_1_TS_50.npy,Middle,Harmonic,CNN,GS,True,,,,,,
429,3.1138384316132224,0.0571299779449903,,,SimulatedTrainingData_Moving_Middle_Harmonic_F_1_TS_50.npy,Middle,Harmonic,CNN,GRAD,True,,,,,,
430,1.6094379124341003,2.278129578503827e-16,,,SimulatedTrainingData_Moving_Middle_Harmonic_F_1_TS_50.npy,Middle,Harmonic,CNN,,,1000,random,uniform,SHAP,10,1
431,1.6094379124341003,2.278129578503827e-16,,,SimulatedTrainingData_Moving_Middle_Harmonic_F_1_TS_50.npy,Middle,Harmonic,CNN,,,1000,random,uniform,Lime,10,1
432,3.7759958265831974,0.03763176841269555,mutate_both,100,SimulatedTrainingData_Middle_CAR_F_1_TS_50.npy,Middle,CAR,LSTM,,,,,,,,
433,3.765733517788706,0.04110748547812115,authentic_opposing_information,100,SimulatedTrainingData_Middle_CAR_F_1_TS_50.npy,Middle,CAR,LSTM,,,,,,,,
434,3.0497614712338352,0.2846664834755597,,,SimulatedTrainingData_Middle_CAR_F_1_TS_50.npy,Middle,CAR,LSTM,FO,False,,,,,,
435,3.098453967507065,0.37374365908543067,,,SimulatedTrainingData_Middle_CAR_F_1_TS_50.npy,Middle,CAR,LSTM,FA,False,,,,,,
436,3.4689561050472806,0.19541427217137763,,,SimulatedTrainingData_Middle_CAR_F_1_TS_50.npy,Middle,CAR,LSTM,SG,False,,,,,,
437,3.270303649093642,0.3265837550856792,,,SimulatedTrainingData_Middle_CAR_F_1_TS_50.npy,Middle,CAR,LSTM,DLS,False,,,,,,
438,3.201412494466534,0.3041743745580183,,,SimulatedTrainingData_Middle_CAR_F_1_TS_50.npy,Middle,CAR,LSTM,DL,False,,,,,,
439,3.384099726082268,0.1307173568228815,,,SimulatedTrainingData_Middle_CAR_F_1_TS_50.npy,Middle,CAR,LSTM,GS,False,,,,,,
440,3.4152470591162705,0.3116902103893001,,,SimulatedTrainingData_Middle_CAR_F_1_TS_50.npy,Middle,CAR,LSTM,GRAD,False,,,,,,
441,2.9610555470442224,0.2972334383704589,,,SimulatedTrainingData_Middle_CAR_F_1_TS_50.npy,Middle,CAR,LSTM,FO,True,,,,,,
442,2.908748904582672,0.3344890354296711,,,SimulatedTrainingData_Middle_CAR_F_1_TS_50.npy,Middle,CAR,LSTM,FA,True,,,,,,
443,2.7899258281711465,0.3973848815792955,,,SimulatedTrainingData_Middle_CAR_F_1_TS_50.npy,Middle,CAR,LSTM,SG,True,,,,,,
444,2.958869217800908,0.19955737437003498,,,SimulatedTrainingData_Middle_CAR_F_1_TS_50.npy,Middle,CAR,LSTM,DLS,True,,,,,,
445,2.9602151252597237,0.1988186524174248,,,SimulatedTrainingData_Middle_CAR_F_1_TS_50.npy,Middle,CAR,LSTM,DL,True,,,,,,
446,2.773283845655561,0.6084037213172822,,,SimulatedTrainingData_Middle_CAR_F_1_TS_50.npy,Middle,CAR,LSTM,GS,True,,,,,,
447,2.9599875298550495,0.20160085417507842,,,SimulatedTrainingData_Middle_CAR_F_1_TS_50.npy,Middle,CAR,LSTM,GRAD,True,,,,,,
448,1.6094379124341003,2.278129578503827e-16,,,SimulatedTrainingData_Middle_CAR_F_1_TS_50.npy,Middle,CAR,LSTM,,,1000,random,uniform,SHAP,10,1
449,1.6094379124341003,2.278129578503827e-16,,,SimulatedTrainingData_Middle_CAR_F_1_TS_50.npy,Middle,CAR,LSTM,,,1000,random,uniform,Lime,10,1
450,3.8274539924109066,0.039850051705951885,mutate_both,100,SimulatedTrainingData_Middle_AutoRegressive_F_1_TS_50.npy,Middle,AutoRegressive,LSTM,,,,,,,,
451,3.8250010457008607,0.031415601829709996,authentic_opposing_information,100,SimulatedTrainingData_Middle_AutoRegressive_F_1_TS_50.npy,Middle,AutoRegressive,LSTM,,,,,,,,
452,3.222404327531666,0.3220384926817921,,,SimulatedTrainingData_Middle_AutoRegressive_F_1_TS_50.npy,Middle,AutoRegressive,LSTM,FO,False,,,,,,
453,3.2766093039904023,0.7014730352163956,,,SimulatedTrainingData_Middle_AutoRegressive_F_1_TS_50.npy,Middle,AutoRegressive,LSTM,FA,False,,,,,,
454,3.592476170694183,0.1390983286230868,,,SimulatedTrainingData_Middle_AutoRegressive_F_1_TS_50.npy,Middle,AutoRegressive,LSTM,SG,False,,,,,,
455,3.410220954058096,0.11140827509898592,,,SimulatedTrainingData_Middle_AutoRegressive_F_1_TS_50.npy,Middle,AutoRegressive,LSTM,DLS,False,,,,,,
456,3.3745063916302365,0.17791556120543708,,,SimulatedTrainingData_Middle_AutoRegressive_F_1_TS_50.npy,Middle,AutoRegressive,LSTM,DL,False,,,,,,
457,3.4737474994339657,0.060059438824480144,,,SimulatedTrainingData_Middle_AutoRegressive_F_1_TS_50.npy,Middle,AutoRegressive,LSTM,GS,False,,,,,,
458,3.6033282223574203,0.1622710052152449,,,SimulatedTrainingData_Middle_AutoRegressive_F_1_TS_50.npy,Middle,AutoRegressive,LSTM,GRAD,False,,,,,,
459,2.976533563984996,0.0968515291690608,,,SimulatedTrainingData_Middle_AutoRegressive_F_1_TS_50.npy,Middle,AutoRegressive,LSTM,FO,True,,,,,,
460,2.96715599563504,0.10237487646822775,,,SimulatedTrainingData_Middle_AutoRegressive_F_1_TS_50.npy,Middle,AutoRegressive,LSTM,FA,True,,,,,,
461,3.0384388174340256,0.12394229288651352,,,SimulatedTrainingData_Middle_AutoRegressive_F_1_TS_50.npy,Middle,AutoRegressive,LSTM,SG,True,,,,,,
462,2.9644271130345445,0.09123128873474032,,,SimulatedTrainingData_Middle_AutoRegressive_F_1_TS_50.npy,Middle,AutoRegressive,LSTM,DLS,True,,,,,,
463,2.963206912721109,0.09391637412468869,,,SimulatedTrainingData_Middle_AutoRegressive_F_1_TS_50.npy,Middle,AutoRegressive,LSTM,DL,True,,,,,,
464,3.0586812379791164,0.14168115423030364,,,SimulatedTrainingData_Middle_AutoRegressive_F_1_TS_50.npy,Middle,AutoRegressive,LSTM,GS,True,,,,,,
465,2.9667746609463252,0.07874274090661834,,,SimulatedTrainingData_Middle_AutoRegressive_F_1_TS_50.npy,Middle,AutoRegressive,LSTM,GRAD,True,,,,,,
466,1.6094379124341003,2.278129578503827e-16,,,SimulatedTrainingData_Middle_AutoRegressive_F_1_TS_50.npy,Middle,AutoRegressive,LSTM,,,1000,random,uniform,SHAP,10,1
467,1.6094379124341003,2.278129578503827e-16,,,SimulatedTrainingData_Middle_AutoRegressive_F_1_TS_50.npy,Middle,AutoRegressive,LSTM,,,1000,random,uniform,Lime,10,1
468,3.818260602332167,0.047525537137319884,mutate_both,100,SimulatedTrainingData_Middle_AutoRegressive_F_1_TS_50.npy,Middle,AutoRegressive,CNN,,,,,,,,
469,3.839769851786194,0.027002503220939274,authentic_opposing_information,100,SimulatedTrainingData_Middle_AutoRegressive_F_1_TS_50.npy,Middle,AutoRegressive,CNN,,,,,,,,
470,3.056731555032278,0.24739544797574928,,,SimulatedTrainingData_Middle_AutoRegressive_F_1_TS_50.npy,Middle,AutoRegressive,CNN,FO,False,,,,,,
471,3.394654208128995,0.13033168566463063,,,SimulatedTrainingData_Middle_AutoRegressive_F_1_TS_50.npy,Middle,AutoRegressive,CNN,FA,False,,,,,,
472,3.7168187664938444,0.059403478836083094,,,SimulatedTrainingData_Middle_AutoRegressive_F_1_TS_50.npy,Middle,AutoRegressive,CNN,SG,False,,,,,,
473,3.391002981165331,0.10568596717761305,,,SimulatedTrainingData_Middle_AutoRegressive_F_1_TS_50.npy,Middle,AutoRegressive,CNN,DLS,False,,,,,,
474,3.1656715544086476,0.1633819213696951,,,SimulatedTrainingData_Middle_AutoRegressive_F_1_TS_50.npy,Middle,AutoRegressive,CNN,DL,False,,,,,,
475,3.4031548764657074,0.0948252834438102,,,SimulatedTrainingData_Middle_AutoRegressive_F_1_TS_50.npy,Middle,AutoRegressive,CNN,GS,False,,,,,,
476,3.308443065317212,0.1384079101924022,,,SimulatedTrainingData_Middle_AutoRegressive_F_1_TS_50.npy,Middle,AutoRegressive,CNN,GRAD,False,,,,,,
477,3.0524875350813283,0.07686404883527867,,,SimulatedTrainingData_Middle_AutoRegressive_F_1_TS_50.npy,Middle,AutoRegressive,CNN,FO,True,,,,,,
478,3.043190759872699,0.07803349279897893,,,SimulatedTrainingData_Middle_AutoRegressive_F_1_TS_50.npy,Middle,AutoRegressive,CNN,FA,True,,,,,,
479,3.186678728155476,0.03445189410048433,,,SimulatedTrainingData_Middle_AutoRegressive_F_1_TS_50.npy,Middle,AutoRegressive,CNN,SG,True,,,,,,
480,3.077230744526323,0.06521717614306997,,,SimulatedTrainingData_Middle_AutoRegressive_F_1_TS_50.npy,Middle,AutoRegressive,CNN,DLS,True,,,,,,
481,3.06676745455506,0.09047769021111506,,,SimulatedTrainingData_Middle_AutoRegressive_F_1_TS_50.npy,Middle,AutoRegressive,CNN,DL,True,,,,,,
482,3.169471793206754,0.03874170599668507,,,SimulatedTrainingData_Middle_AutoRegressive_F_1_TS_50.npy,Middle,AutoRegressive,CNN,GS,True,,,,,,
483,3.0822164482496315,0.0912212006819075,,,SimulatedTrainingData_Middle_AutoRegressive_F_1_TS_50.npy,Middle,AutoRegressive,CNN,GRAD,True,,,,,,
484,1.6094379124341003,2.278129578503827e-16,,,SimulatedTrainingData_Middle_AutoRegressive_F_1_TS_50.npy,Middle,AutoRegressive,CNN,,,1000,random,uniform,SHAP,10,1
485,1.6094379124341003,2.278129578503827e-16,,,SimulatedTrainingData_Middle_AutoRegressive_F_1_TS_50.npy,Middle,AutoRegressive,CNN,,,1000,random,uniform,Lime,10,1
